reviewId,userName,userImage,content,score,thumbsUpCount,reviewCreatedVersion,at,replyContent,repliedAt,appVersion
8d481456-2cb7-45eb-bdeb-4476ee1ca87f,Pengguna Google,https://play-lh.googleusercontent.com/a-/ALV-UjW1QqPT3hy31us09mx-f8sg-l73nkhyZHjBX7OLrsumklwiqvY,sangat membantu,5,0,2.3.5,2025-09-21 11:44:22,,,2.3.5
6635e25d-8860-4223-ae2c-1b5fec776778,Pengguna Google,https://play-lh.googleusercontent.com/a/ACg8ocI8A3ySdMo1LKaY9F0Mjhulz-f5eD5GvebVWU3dFxJZPBdg0w=mo,mntap,5,0,2.3.5,2025-09-21 07:25:55,,,2.3.5
457c1899-6ff1-4365-ab7d-118738e65628,Pengguna Google,https://play-lh.googleusercontent.com/a-/ALV-UjVLsJjziVkjdNpi_h3vJZCF5W1fndamqGlOlW-3LIqqL3vrG0rR8A,membantu sekali baik,5,0,2.3.5,2025-09-21 05:03:59,,,2.3.5
d7afd922-1650-4c04-a8c6-273539d969a1,Pengguna Google,https://play-lh.googleusercontent.com/a-/ALV-UjWl6qzrT15C_PXkhAwG-mKf7J6nnbsDnu4EjzsmIVY6eTB1O38,ngeleg,1,0,2.3.5,2025-09-18 07:57:40,,,2.3.5
b43d5ee7-4619-4195-a0fd-44dfb8e75b65,Pengguna Google,https://play-lh.googleusercontent.com/a/ACg8ocKMjwsjt94uzv-3po2hwTEU5TjY493YHrm-vj0oHtNq1KISfA=mo,sangat Membantu sekali üëçüëçüëçüëçüëç,5,0,2.3.5,2025-09-17 16:08:37,,,2.3.5
fbdeeeac-c1b2-410e-965c-860434c0d98c,Pengguna Google,https://play-lh.googleusercontent.com/a-/ALV-UjUN3yWbUwse-KaJJTCozzoxYqVCPGd5mxZ5GdY3gi6E9e4BulLy,Tracking busnya bermasalah terus..,2,0,2.3.5,2025-09-17 00:40:42,,,2.3.5
061be341-71ac-430b-8287-a3210020a264,Pengguna Google,https://play-lh.googleusercontent.com/a-/ALV-UjU5dCg1FLCCG2M-UTH0bp76AtnPF23SinrzMR9Hs6GOFzpjs1Vj,aplikasi ini sangat membantu pengguna kendaraan umum,5,0,,2025-09-16 23:54:23,,,
635635c7-a617-47ff-ab64-812b0ecde030,Pengguna Google,https://play-lh.googleusercontent.com/a-/ALV-UjUrsP4NX4qN09dEu9yOr0gQpXgshpjeXgfe77j2JKoKb71lCkuo,aplikasinya sering trouble dan lag jadi gabisa liat bis nya sampai mana,3,0,2.3.5,2025-09-16 23:17:39,,,2.3.5
45407b9e-6f91-4926-85e7-c19e2f551ab8,Pengguna Google,https://play-lh.googleusercontent.com/a/ACg8ocLZYWBmGbujIe_T0QPQtSYfrgPLTqOhPVUh2cq4W3wCx1J4iA=mo,"bagus, tp kursng lengkap terutama info rute, bisa diupdate berkala sepertinya",5,0,,2025-09-16 03:17:17,,,
7186464a-463f-4db1-9787-3b38573861dd,Pengguna Google,https://play-lh.googleusercontent.com/a-/ALV-UjXGM3f96mevhfjbX0uG6nhjIsbIC_ThU0snKxF5Rx-HhBS5vlob,membantu aku mengecek bis apakah sudah lewat atau belum,5,0,2.3.5,2025-09-11 10:49:05,,,2.3.5
4f41e847-5b5b-4d68-b09e-8a1394550363,Pengguna Google,https://play-lh.googleusercontent.com/a/ACg8ocLRlinDwCvlS0qUzfODZXogVlD4quQspNQDWVWzFSRGL1J8cg=mo,"tracking lebih lambat satu menit, kalo di bawah 30 detik sih gak masalah, sering kali error juga pas mau lihat rute, bahkan di puterin sampe naik turun banyak halte maubitu non/transit. saran ku sih sambil iklanin event yang ada di daerah Jogja, lumayan bisha meningkatkan pariwisata kota",4,0,2.3.5,2025-09-11 10:16:12,,,2.3.5
d3c7915a-64f0-4875-9111-690c8d2d49ed,Pengguna Google,https://play-lh.googleusercontent.com/a-/ALV-UjWu-JFMBWZizS_GVyCfuNIGfr6UNi6K1Ibd2VYtav0MZFuKfvGljA,good,5,0,2.3.5,2025-09-11 08:23:58,,,2.3.5
01033233-abfb-40de-8e00-298f9b01b3c1,Pengguna Google,https://play-lh.googleusercontent.com/a/ACg8ocJQ1GuuJ0O8BtDbuPYyn6elBLBhLzWV5KDewTcNB7eE8_uCtA=mo,aplikasi nya okk... tp terkadang pelayanan msh krg ramah terutama petugas perempuan....apalagi klo sdh mau ganti sift.. üôèüôèüôè,5,0,,2025-09-06 04:18:22,,,
daf82d9c-4834-4cfe-b336-aba6f8f5c5b0,Pengguna Google,https://play-lh.googleusercontent.com/a-/ALV-UjUvvZz1fZgbHaziF4UEK4UNJLLXdk6r_tqx-dCUjAAmT7SvIrw,sangat sangat membantu saya sebagai pendatang baru di Daerah Istimewa Yogyakarta. Terima kasih atas bantuannya.,5,0,2.3.5,2025-09-03 07:21:18,,,2.3.5
c5451c37-5d56-4740-8724-fd723ce5986c,Pengguna Google,https://play-lh.googleusercontent.com/a-/ALV-UjW1gU6QpN-g9xu2qJ3hQZ-FCh_jvdgMbpFTEU1TmCEQYJEP839X,"sangat membantu mobilitas. murah, nyaman",5,0,2.3.5,2025-09-02 03:55:16,,,2.3.5
e945d21b-b867-444a-9118-7c55cd352efc,Pengguna Google,https://play-lh.googleusercontent.com/a-/ALV-UjUalc2peFQZEwq2eQXcsSwiL3dhZX7c8wgqznee908flvtXUuYh,"mau login aja susah, karang suruh pake email tapi waktu dimasukin nama email dan sandinya malah akun sudah ada di perangkat anda, buat akun baru pun sama saja ü§∑‚Äç‚ôÄÔ∏è trus aja gitu sampe kiamat",1,0,2.3.5,2025-09-01 00:18:48,,,2.3.5
9ff934d4-bcd3-4ad4-b813-9d103cd8d2ad,Pengguna Google,https://play-lh.googleusercontent.com/a-/ALV-UjVTrpsQx7WipIOiq7dnjpUs0lGqjsS00DXIas6kmkBLDT-YuEnI,Bisa Melihat bus terdekat di halte,5,0,2.3.5,2025-08-31 11:38:35,,,2.3.5
51fd9c85-cfef-40ac-969a-f2addc6d784b,Pengguna Google,https://play-lh.googleusercontent.com/a/ACg8ocLsqbKA_ZqPdN5mpahnashD9hCA3TAKc6z1_gs3c2R4AgSYZQ=mo,"aplikasi ini minta mengelola prangkat telepon, saya tapi saya tolak!!!!!! jika komentar saya di hapus brarti benar hati2 penyadapan???",1,0,,2025-08-23 10:23:20,,,
0baba5b5-f700-4b7e-ba7f-ad7ccca4b643,Pengguna Google,https://play-lh.googleusercontent.com/a-/ALV-UjWFgNkypEFk1t57ZzN3FWcbU-DL-92gTypg1iw0kBc6WrZDBCE,PERBAIKI BUG BIS DIAM DITEMPAT,5,0,2.3.5,2025-08-22 07:10:57,,,2.3.5
8c6bffad-c924-4ea3-9bfb-1d405d691680,Pengguna Google,https://play-lh.googleusercontent.com/a/ACg8ocKwFv01fy16fv23rLCXZPD9Os8y1OsoB90-sqcXN0KnL6LP_Q=mo,"mudah dimengerti dan mempermudah saya dalam menjalankan aktivitas sehari hari,Terima Kasih Trans Jogja,memang istimewa.sangat sangat menolong üí™üôè",5,0,2.3.5,2025-08-20 07:39:55,,,2.3.5
70875b15-c3b2-4eef-9515-caafa371195d,Pengguna Google,https://play-lh.googleusercontent.com/a-/ALV-UjW2wq5kbnNgmzCbTArAVNWbE7ncDRRiPKZYZbbgvG4VRDvqrMOT,"tolong sistem tracking nya di benarkan, merepotkan kalau ga bisa nge tracking üôè",2,0,2.3.5,2025-08-19 06:00:41,,,2.3.5
5541c1a6-d3d7-4251-9a7d-f18851984ee0,Pengguna Google,https://play-lh.googleusercontent.com/a-/ALV-UjVJJNuuCC4IqDMIxOsUsofEL5cIAltqQg4zsAI4F1KxNtNa5FHs,"terimakasih trans Jogja , mempermudah saya untuk akses ke sekolah .",5,0,2.3.5,2025-08-18 12:08:54,,,2.3.5
7c67b430-a692-40ac-bc4b-59655aeb6825,Pengguna Google,https://play-lh.googleusercontent.com/a-/ALV-UjU4uCNMm7DVHGABSE03P6nsrIwdVrXQHNAQzdlWd3QQTlAmEZFF,sangat membantu,5,0,2.3.5,2025-08-17 08:42:30,,,2.3.5
33db7b22-7685-4e48-a3f1-517d4ddb16f5,Pengguna Google,https://play-lh.googleusercontent.com/a-/ALV-UjWoWsJoSasNznrG7irCtatibq6l5okFni9FQYsdDajUEO6J6UwK,sangat membantu masyarakat apalagi pelajar,5,0,2.3.5,2025-08-17 02:16:29,,,2.3.5
834b61dc-6730-4aea-a17a-8b4080b70e42,Pengguna Google,https://play-lh.googleusercontent.com/a/ACg8ocK4A0bB6MTp_u1M2xD4awR8nnEkVN5B0qnlkTkwYsR37v-1cw=mo,luar biasa,5,0,2.3.5,2025-08-16 01:55:24,,,2.3.5
1d579139-26a8-4a9b-95fb-c7b2f566a44f,Pengguna Google,https://play-lh.googleusercontent.com/a-/ALV-UjXJFulCKEKCSUGmufpwrkVNswUBUXTCxQvJ42cBhT-7prkPWv0,Terimakasih atas pelayanan selama inj,5,0,2.3.5,2025-08-15 08:09:53,,,2.3.5
418b98f8-53d2-41c1-aa6c-792caff5e9dc,Pengguna Google,https://play-lh.googleusercontent.com/a-/ALV-UjWFcXGO5i4Tjb4jHEE_JFd1oPNeN96mnzWeRf4Azb58T9K1vwA8,"Bagus,tingkatin",5,0,2.3.5,2025-08-14 10:08:40,,,2.3.5
86b2dacf-703e-46b7-be01-0de5edeb2faa,Pengguna Google,https://play-lh.googleusercontent.com/a-/ALV-UjXOPjUYq_Kk0USVX-Jw02qFqaVwwGD17bYVexll1IpihMW7HYI,sangat bermanfaat sekali,5,0,2.3.5,2025-08-13 09:47:44,,,2.3.5
7177391b-41c7-4111-a9ab-21ec28602c6a,Pengguna Google,https://play-lh.googleusercontent.com/a-/ALV-UjW5essaF1RupLKe-3WmR5yCZkJCSmP1GBkzXblqJXdmaIzhvgo,mamtap,5,0,2.3.5,2025-08-05 16:44:51,,,2.3.5
c7803301-e8f7-409a-8533-25cd647a403e,Pengguna Google,https://play-lh.googleusercontent.com/a-/ALV-UjV0xADlVR3soM8Ejq8u5NCG3II2JGgw1fSdOfymX54PpiyVSDU,panduan lengkap dan tidak lelet. juga tidak perlu sign up. weldone!,5,1,2.3.5,2025-08-01 01:42:58,,,2.3.5
c9017eda-ef00-4d57-a844-642d45a2fba9,Pengguna Google,https://play-lh.googleusercontent.com/a/ACg8ocJlVFBZp8kqjIv1nkOPOjUtCK6thUoCdc0-f93yPrhGrtihhg=mo,bagus,5,0,2.3.5,2025-07-31 23:40:52,,,2.3.5
32fa4db4-e23b-48b7-b6e3-badc4973f806,Pengguna Google,https://play-lh.googleusercontent.com/a/ACg8ocJ8rCq7mbQAJbtUWHz3FXDrUJaZy6QjtmPVQiDmjTnKWldjdQ=mo,cukup informatif,4,0,2.3.5,2025-07-23 23:18:06,,,2.3.5
1584ec4b-7e14-4ff0-a2f2-e8200ce336a0,Pengguna Google,https://play-lh.googleusercontent.com/a/ACg8ocIkBiOQo1yUrEkpb6mEL-CM_4kqdrUGcBosWaFT46lBOQa42Q=mo,"Penjaga asik main hp sendiri, bis dibiarin lewat begitu saja",1,0,,2025-07-23 05:10:19,,,
41d7a9fc-fea2-44f8-91bc-111c62fe42bb,Pengguna Google,https://play-lh.googleusercontent.com/a-/ALV-UjUQ2QEfTxspmbeNKKxJEHXlAjkTIQiia5EBGWw3klEuypq2gHH8,"Terima kasih sekali, sangat membantu dan informatif, perjalanan jadi lebih sat set üëç",5,3,2.3.3,2025-07-13 05:03:55,,,2.3.3
72cca57f-2ef9-4659-a96b-baf12d1ea19b,Pengguna Google,https://play-lh.googleusercontent.com/a/ACg8ocKh4mHS89or09URWRcngscVRv4qwg_Fcs9Evb3BpITgReQ3ZA=mo,ok,5,0,2.3.3,2025-07-13 03:55:33,,,2.3.3
ea588c27-274a-4fea-ac6c-e2d1e3aa6502,Pengguna Google,https://play-lh.googleusercontent.com/a-/ALV-UjVxjwMxKXPX8mci_BjV-QaNERsEUTTnjB0fDYcjf-i7zSyRE26X,aplikasi yang sangat membantu sekali selama di jogja. bisa keliling jogja santai sambil duduk manis,5,1,2.3.2,2025-07-11 07:02:51,,,2.3.2
f719bde7-e3f9-487a-98e0-9af9c99782d4,Pengguna Google,https://play-lh.googleusercontent.com/a-/ALV-UjVL0kru7kEmewAEPzcNLgpBbc4ktvXXJ14Z82bFgddV8v2PWVE,"Aplikasi Trans Jogja memang luar biasa, bisa mengetahui jadwal rute Trans Jogja dengan akurat, apalagi bisa membeli voucher atau tiket secara online. Untuk pembelian tiket secara online, tolong ditambahkan pembayaran Go-Pay, Dana, ShopeePay, dan lain-lain. üéâüöåüì±",5,8,2.3.2,2025-07-09 15:38:08,,,2.3.2
76ec856a-784d-4543-9c32-56beb96ee834,Pengguna Google,https://play-lh.googleusercontent.com/a-/ALV-UjW13jWgTh-fNpi0f83OpDY4bufNzYagorct8U3-5sBGB2URvL4,mantap sangat sangat membantu sekali trans Jogja ini terima kasih üôè semoga njalur yg ke Imogiri sm Srandakan di tmbh armada nya,5,0,2.3.2,2025-07-07 01:16:42,,,2.3.2
2bb33e2a-e8e1-4671-aa9e-cca87f40f058,Pengguna Google,https://play-lh.googleusercontent.com/a/ACg8ocIo9FgLOtks0MXdzjNcf040_qzIMA6yvKFzVv8Z_9wlzmYKSQ=mo,mantap,5,0,2.3.2,2025-07-06 03:33:31,,,2.3.2
1c561620-d44e-4a21-b4d2-a48a4833b2a1,Pengguna Google,https://play-lh.googleusercontent.com/a-/ALV-UjU9lKKPfbIcM-s8wpvOd2Hm-EbFcqQSnlodJSrI8fHM9eiPgwU,"Dlm seminggu 1 atau 2 x pake transportasi ini, secara keseluruhan cukup ok, hanya saja tadi malam (17 Juni 2025) sangat kecewa dengan PELAYANA KRU TJ, paksa 7 penumpan turun tanpa pemberitahuan sebelumnya, saya tanya alasan diminta turun, dijawab jam operasional sudah habis (saat itu jam 20.26) di Halte Amikom kondisi gelap, Ok lah kalau sdh aturan, tapi setidaknya ada pemberitahuan pada saat penumpang naik atau paling tidak di halte Concat, jadi sdh ada persiapan apalagi lagi bawa bayi..!",2,1,,2025-06-18 03:09:55,,,
2dd69c7e-1e0c-4193-bdaf-3d39c4ffd12f,Pengguna Google,https://play-lh.googleusercontent.com/a-/ALV-UjWsMo9hryZRVL__OHc6SRyfkwCooVZIz_FZQk8ilanC3gwmTU8d,INIII KENAPA GK BIAA LOGG INNN TOLONG YH BERI INFO SEGERA!!!!!!!,3,0,2.3.2,2025-06-12 12:50:16,,,2.3.2
0dc316ca-02c3-4190-a700-7b412ae12bbf,Pengguna Google,https://play-lh.googleusercontent.com/a-/ALV-UjVQ4dFMJcbhNOgVcjTmwq2Z9LoM-VImYql4iFKzKRmhiiVOfs45,akurat,5,0,2.3.2,2025-06-09 03:49:04,,,2.3.2
ae74857e-d4d4-49c2-803d-e2df45146642,Pengguna Google,https://play-lh.googleusercontent.com/a/ACg8ocKndR-hou5UwFqBrGLsouCpdZ5tx-pxo2iHK801HcBNZA0NtQ=mo,Pelayanan tidak sopan kurang adat cek lagi yang jaga di Halte 1 Malioboro menggoda Istri orang,1,0,,2025-06-06 10:06:41,,,
9f8f912c-c1e0-4a98-a888-d99e6cb72f30,Pengguna Google,https://play-lh.googleusercontent.com/a-/ALV-UjW5eusFT1CuOqpJdQmYK9BOYLTHXL5Lm4ypgMuWMYQ8FglPb6M,baik pelayanan transportasi umum,5,0,2.3.2,2025-06-04 03:24:12,,,2.3.2
b4919954-a517-4af3-ab27-5d8c172d6a60,Pengguna Google,https://play-lh.googleusercontent.com/a/ACg8ocLEGeOTcADsVgEwQR7EeeVwcvjiQzIycSPEQzfo3_JGJomX-kc=mo,"Ditunggu rute baru di dua kabupaten DIY Gunung Kidul dan Kulonprogo, dan juga khususnya di rute tempat2 wisata seperti pantai2.",5,0,2.3.2,2025-06-03 01:27:51,,,2.3.2
526e50df-1379-4bb1-9fa6-d7c5e2395c56,Pengguna Google,https://play-lh.googleusercontent.com/a-/ALV-UjV3nR8nohP85i1ydFsHSTD6BhQ4PBDExTaoXaXrs5BFqf3jhzs,good,5,0,2.3.2,2025-06-03 00:50:51,,,2.3.2
e29bfa1c-6346-43d3-ad12-7043e2175240,Pengguna Google,https://play-lh.googleusercontent.com/a/ACg8ocIC2uX_zH0dfhcFMKnIuZ4hq1iWTTTTPWDSgJMDEIg7N4Wo=mo,"kurang lengkap menurut sy, sy kan dr desa yg gak ada transjogja, mau ke kota, gak ada jalur di keterangannya, kl yg apk transjogja yg satunya dijelaskan kl mesti naik motor ke terminal 15mnt, lalu naik trans ke halte berapa aja sampai ke tujuan atau halte terdekat, kl tujuan jauh dr halte ada keterangan jalan kaki brp menit atau naik ojek, tp apk itu udah gak bisa dipake.",3,2,2.3.2,2025-05-27 13:10:34,,,2.3.2
88eabd41-97a5-4fa5-93f8-8fd8b2546a5d,Pengguna Google,https://play-lh.googleusercontent.com/a-/ALV-UjW6z3lZVVw9_1M8KcLOCS9PuquPqN0E2GTR6f2d8c08XhmSmmI,"Real-time, sangat membantu.",5,0,2.3.2,2025-05-26 10:25:53,,,2.3.2
e2f9498b-989b-49b5-ba0a-25f82b232c2a,Pengguna Google,https://play-lh.googleusercontent.com/a/ACg8ocLAOKbsSkDqLDcmwhOOvjZW4oDE9wA9Bb5rm8ob6WT6aolZew=mo,Sudah armadanya sedikit. Eh untuk beberapa rute malah ada beberapa jurusan bus ada yang dihapus. Ini gimana sih bus Transjogja malah makin kurang kualitasnya. Gak jelas!,1,0,,2025-05-22 06:57:23,,,
48c74eeb-31e3-4f46-9d5e-4c03df01a975,Pengguna Google,https://play-lh.googleusercontent.com/a-/ALV-UjUXdMb-FqoU4BK_XOaw1tCYmEWHz6sCkB0eDSYvIIsPv1q6v2A,"utk jalur 8 kenapa portable kronggahan dihilangkan ,padahal membantu bagi yg mau ke rsa UGM,portable sepanjang jl Godean setelah dentes padahal kurang penumpangnya,tp malah ada banyak,kalau alasannya Krn pengerjaan tol,nunggu berapa tahun selesainya,makasih.",5,0,2.3.2,2025-05-19 11:21:46,,,2.3.2
ae9fa1f9-4ec7-4c6e-8a35-a84e8baefa82,Pengguna Google,https://play-lh.googleusercontent.com/a-/ALV-UjUQAaPNZixjoKfM-KnMWF4iUzKPxz5RyP-nONJhmT_I4MFBXxqh,"Kecewa, saya lagi buru2 bisa bisanya bis no 9 gk berhenti di wojo, intinya kernet bis nya suruh buka mata kalo ada halte",1,0,,2025-05-14 06:38:59,,,
dda4e475-8fce-4ee5-ab1a-0dd2ace8c812,Pengguna Google,https://play-lh.googleusercontent.com/a/ACg8ocJQ6644KCNPra422UBuBcdg7AP8phCQaDetFIOyLolw4Sbt_w=mo,"dgn aplikasi ni sangat membantu kejujuran pramugara untuk mengisi jmlah pnumpang..! trimakasi sukses kedepan trjaga, lbih baik",5,1,2.2.1,2025-05-13 09:42:18,,,2.2.1
7f5a82ae-d0b0-4cad-957d-a27320f713be,Pengguna Google,https://play-lh.googleusercontent.com/a-/ALV-UjV3G4RtMV0dZ9TycEm2tSkf_zCsxgEnBZfReY5poB7e95aCh7w,mantul,5,0,,2025-05-09 22:56:33,,,
2d9a9a67-cf63-4a8d-823a-7bf0f8ca50b0,Pengguna Google,https://play-lh.googleusercontent.com/a-/ALV-UjVXH4LsNOPJGYKwrV1SFbuDD57Z8q53331GL8avNvBNDGRc5Fg,untuk bis jalur 13 arah pasar belut godean tidak terdeteksi di aplikasi,4,0,2.3.2,2025-05-09 11:15:47,,,2.3.2
32c79f0b-3f36-419d-86b6-6615403d3bc8,Pengguna Google,https://play-lh.googleusercontent.com/a-/ALV-UjWfQHnSpn8ejmCST9C-3bHCflnqpbtp5nVvZcHYkCnaBpEI52wO,"pelayanan karyawan sangat buruk,bis panas tidak seprti di solo.",1,1,2.3.2,2025-05-05 04:37:19,,,2.3.2
1d8f873d-e62c-407e-97c5-36175ab24ed5,Pengguna Google,https://play-lh.googleusercontent.com/a/ACg8ocKufg5Li3Wuc0mD8t9pQiQl3Xp9uoc3pjFFvDgIy_GjQMd8mA=mo,istimewa sangat membantu dan memudahkan,5,0,2.3.2,2025-05-04 01:31:18,,,2.3.2
d26b4e4f-9107-448b-bd5d-ea0ee4e952c7,Pengguna Google,https://play-lh.googleusercontent.com/a-/ALV-UjUAGdfo0pcsOo-5ELF125l-Uxq2E-WBabvfl8V3t_CdJ3X_TzEQ,good great,5,0,2.3.1,2025-05-02 04:18:33,,,2.3.1
3d688808-5e1e-4761-84f5-b3eb733e0d16,Pengguna Google,https://play-lh.googleusercontent.com/a-/ALV-UjW_HFrK7qUxzl96BSEJIndoIiW_LWig607OvKPB1XZbRBdnhRM,bagus,5,0,,2025-04-27 10:51:29,,,
a32c4178-8a3a-45e2-92ee-2c7f7aa127a0,Pengguna Google,https://play-lh.googleusercontent.com/a/ACg8ocLtvmBUBr-wWNZQtvPTJE_4wNVfELCJDkFk4kKxsGx-sDKOmbI=mo,baik,4,0,,2025-04-21 07:33:21,,,
a05f430d-44d1-4cd0-be4d-494ec5fdf5f7,Pengguna Google,https://play-lh.googleusercontent.com/a-/ALV-UjUHYWRLaFIJJJ0Ngsh8m0nhU9Wirgy5NHk4XxP3WDkhiWSlO7GB,buka 24jam dong,5,0,2.3.1,2025-04-18 09:53:29,,,2.3.1
7283e476-242d-44f8-88a7-e3e0d8f35493,Pengguna Google,https://play-lh.googleusercontent.com/a-/ALV-UjUITOkjc8K6cv-n0woXAbJH2N0Ds5kVdts-dF92zJ39N73AlWE,baik,4,0,,2025-04-17 14:48:31,,,
5fb45252-9b92-4712-abe3-7f13f8095656,Pengguna Google,https://play-lh.googleusercontent.com/a-/ALV-UjVzcssIheFVQ5ZdF7Xn_HcPUN57OqEEW8ZyWPEI5u25P5fg6g,joss bisa tau posisi bus,5,0,2.3.1,2025-04-17 03:27:40,,,2.3.1
140f3cf2-7a0e-4ead-a871-8380c03e7834,Pengguna Google,https://play-lh.googleusercontent.com/a-/ALV-UjV2zCWGaJeeLcNg5xwLo7f8TUIJixoOKY13upOwZyyQD2iQaTH3,"Sekarang banyak Rite yang diubah dan ditiadakan, dulu saya sering menggunakan transportasi ini untuk pergi kekampus dan tempat lain lain tapi karena perubahan ini saya jadi jarang menggunakan. harapan saya semoga Transjogja bisa ditingkatkan lagi, ditambah jalur bukan malah seperti yang sekarang",3,0,2.3.1,2025-04-16 05:11:26,,,2.3.1
01bcd26a-3209-4374-be45-7b985004393e,Pengguna Google,https://play-lh.googleusercontent.com/a-/ALV-UjXRmsaVWG6-HAYOuCSTM8sXqnvqd80VO9pp4SfohyZCCF84nWxc,kereeen,5,0,2.3.1,2025-04-14 10:16:36,,,2.3.1
73e108f6-a396-4c60-ac02-e87b9a5967ad,Pengguna Google,https://play-lh.googleusercontent.com/a-/ALV-UjWVfFCNOJDEeB07S9txVFjI0gbUufxTj_L4ixvRxnlYxpUo8mCv,"apk gk jelas, nomer penumpang sering ngebug terus tempat busnya juga sering delay",1,0,2.3.1,2025-04-14 06:52:37,,,2.3.1
ba439c5e-d253-4b3c-b53c-bab584ab4ec3,Pengguna Google,https://play-lh.googleusercontent.com/a-/ALV-UjUxExy64aGXnVBMa0dXDD-fm2EEm1-EvEQxT-BZF9fv0G5w6pY,sangat membantu sekali üëçüëç,5,0,2.3.1,2025-04-12 13:53:22,,,2.3.1
1cafdabb-a658-4834-92d7-6458302bd5e2,Pengguna Google,https://play-lh.googleusercontent.com/a-/ALV-UjU4DjdIIZ8dolv4pYbG1apWjH4XZs47rkmL127J0dbjc5ao7_M,"tolong untuk jalur jalan raya magelang jam operasional dibuka sampai jam 9 malam, krn kami para pekerja sangat susah. Terima kasih....",3,0,2.3.1,2025-04-11 13:14:16,,,2.3.1
c3ea8966-9c53-4284-b835-f7e801898b02,Pengguna Google,https://play-lh.googleusercontent.com/a-/ALV-UjUyWqDor6YYaWI5iczauYhNGNypvuc46vVw1gj_Iid5Lq-EGT8,"interval bus nya sangat lama, tidak seperti teman bus pendahulunya.",1,0,2.3.0,2025-04-11 10:42:36,,,2.3.0
b9af743a-2e92-45be-8fd3-cc7a3d2a267a,Pengguna Google,https://play-lh.googleusercontent.com/a/ACg8ocLscEW0eHFyPQVwIqR_gS5vPjPluMjXHG_7nPUKUj5yrJgKKQ=mo,saya mau beri plus untuk aplikasi ini,5,0,,2025-04-07 15:27:36,,,
09b769ce-ffbd-4a6f-a387-eefdbb3d141e,Pengguna Google,https://play-lh.googleusercontent.com/a-/ALV-UjXbVhXuOLanHS41ngJS0-yL8eLQJBhAmM3a4Ml0i4wzDnn84sM,"sedikit kecewa karena penggunaan fitur etiket tidak bisa digunakan, petugas malah tidak tau adanya fitur ini, ujungnya saya harus bayar lagi",4,0,,2025-04-05 04:47:31,,,
4f700de4-3b47-4c01-a064-cb870212a89d,Pengguna Google,https://play-lh.googleusercontent.com/a-/ALV-UjVYe_gYYtGsd9GXniqU_M_rdHvWBOMW5vcHcI7VuFxLYiEfBNNa0A,mantap,5,0,2.3.1,2025-04-02 12:18:44,,,2.3.1
d561802e-2a34-4d5a-a643-65492f7c5f3e,Pengguna Google,https://play-lh.googleusercontent.com/a/ACg8ocKyz6dH8iH1m800uO_Uq7g3MSTRhK5fa1sbgEmwx-sfv_43p-o=mo,membantu perjalanan,4,0,2.3.0,2025-03-29 00:05:24,,,2.3.0
c834f245-82f0-4b47-8748-f406a61f18da,Pengguna Google,https://play-lh.googleusercontent.com/a-/ALV-UjVQmdWFyPH-SQd5iNxnmjXamR15dcgRgpfwvCu9anaPDaSP9Dg,"kalau aplikasi pelayanan publik nggak perlu update terus harusnya yg pakai aplikasi ini kan kalangan menengah kebawah yang artinya punya paket internet minim kalau update terus terusan tekor paketnya apalagi suruh bayar aplikasinya nggak ada yg mau, paling yg beli app yg mampu tapi apakah mereka pengguna bis trans Jogja? tolong diperbaiki app nya atau nggak usah sama sekali nggak begitu penting kok.",3,2,2.3.0,2025-03-28 12:36:36,,,2.3.0
4c23e734-ea69-4260-8750-85756a792bef,Pengguna Google,https://play-lh.googleusercontent.com/a/ACg8ocLOjYU9WaLrGZ4CjhZkNIW8wFne629Pb5VEtkMvQHzftmS0Hg=mo,Sangat membantu!,4,0,2.3.0,2025-03-26 23:52:22,,,2.3.0
57822416-0f4d-4db9-a531-f0a0bd74b465,Pengguna Google,https://play-lh.googleusercontent.com/a-/ALV-UjVFs4AW9fQvr5KqGASBmGeTHWSHYk2LgRSELZknduTYq-mZkjrT,real aplikasi TRIms,5,0,2.3.0,2025-03-25 03:38:12,,,2.3.0
04f0483e-862a-4b13-b656-f0e93dd4895e,Pengguna Google,https://play-lh.googleusercontent.com/a/ACg8ocLCVu1avB1ZU6rWymiHfyxGJ9OhoYg2iJuN7XExFoCCDsMohQ=mo,Muantaaap...,5,0,2.2.1,2025-03-24 13:52:15,,,2.2.1
0b74ab76-42a6-45b2-a0c8-0c9fa5b12361,Pengguna Google,https://play-lh.googleusercontent.com/a-/ALV-UjXuOza4BTlhVFQv6yDhlVu46t0MaJOHFwvWPjTxxxlJ63XdWgXM,Transportasi publik yang sangat nyaman dan sangat keren. Mantap Trans Jogja. Jogjakarta keren,5,0,2.3.0,2025-03-23 09:06:24,,,2.3.0
066e9aed-9828-4d9e-b1ce-abb51a629ddd,Pengguna Google,https://play-lh.googleusercontent.com/a/ACg8ocJuLG9qgDe2EStvAY7gPcvH9l_dUCnmZKTzNQd2KYppJ8KDxg=mo,Sangat akurat dan sangat membantu sekali. Terima kasih Trans Jogja. Sukses selalu ya...,5,0,2.3.0,2025-03-21 13:02:33,,,2.3.0
0a070f30-87a6-419b-b2c6-c859011d593d,Pengguna Google,https://play-lh.googleusercontent.com/a-/ALV-UjUtYI8yyULlYLI4iKtRdy8aXIZ0Ge0638jLlW3lOuKffPrxMw58,tolong dong yang di TPB Letjen Suprapto Deket RS gedong tengen rute nya di perjelas lagi. Masa iya semua muncul sampe yang di arah lain muncul. Aku udah kebiasaan nunggu disitu habis pulang kampus. Jadinya sering ke PHP karena gak jelas bis nya muncul kapan.,1,0,2.3.0,2025-03-14 09:40:07,,,2.3.0
205971cb-2e7c-4869-a9eb-48b69b714528,Pengguna Google,https://play-lh.googleusercontent.com/a/ACg8ocKxHFDA0pkF7T5EPOO6b8bvbK6lRaLzJbcimNM2PmMwBFNihw=mo,Trans Jogja Top Mantap Is The Best,5,0,2.3.0,2025-03-13 01:01:30,,,2.3.0
6f1f76ca-d0e1-453e-9a98-06666138c497,Pengguna Google,https://play-lh.googleusercontent.com/a-/ALV-UjUC2AjmRHVVz-92ImYudPKqa1m04UJj1K5PigpVRc4Cjd5md_qr,"Aplikasinya sangat membantu, saya jadi bisa tahu rute dan lokasi busnya, jadi saya lebih tenang saat menunggu krn nisa melihat lokasi bus yang saya tunggu",5,0,2.3.0,2025-03-12 03:41:06,,,2.3.0
a11b0bdd-c0eb-48dd-880f-44c4ab76f42e,Pengguna Google,https://play-lh.googleusercontent.com/a/ACg8ocIyqoujABehpmC2jyLctj0yLUKFNS8zJw7ZZCFMofARCtQjzw=mo,Pelayanan kurang baik,1,0,,2025-03-08 10:40:02,,,
9baab640-55ca-4310-b230-827c998ed619,Pengguna Google,https://play-lh.googleusercontent.com/a-/ALV-UjWakHLuqmIsOsg9GSrz1y4UQkGUeT0Oq6iM15360FZfsVsya-Qp,sangat membatu,5,0,2.3.0,2025-02-28 03:44:52,,,2.3.0
90c07fba-a043-46fb-a958-a8a8bd53fb44,Pengguna Google,https://play-lh.googleusercontent.com/a-/ALV-UjWbnEUDEamtRYfZbDhxwzCIzpEubkxFu7alS5s9D_wJ2vfoZ29x2A,"kadang bus nya telat gerak di tj, dan itu ngeselin banget. BTW 4B LEWAT CIK DI TIRO PLS!",4,0,2.3.0,2025-02-22 11:58:33,,,2.3.0
cccb1af1-3424-453c-9252-778b8e3c935b,Pengguna Google,https://play-lh.googleusercontent.com/a-/ALV-UjVRECqCmOB9j5aPCRu5aKJOLj6XnOgvwjYzaWcimsQsX9sVvWQw,aplikasi praktis.. sangat membantu lancarnya perjalanan.. perlu disosialisasikan terus mungkin banyak yang belum memanfaatkan..,5,5,2.3.0,2025-02-21 23:44:22,,,2.3.0
426d31e6-518d-4c10-9f1b-6f27eec87d4e,Pengguna Google,https://play-lh.googleusercontent.com/a/ACg8ocIGZKoh6IJpSZHvsqWyt5VV_0XGdxrTjwg52253ZNuUVpIEYg=mo,memuaskan,5,0,2.3.0,2025-02-20 07:13:13,,,2.3.0
032c4e9f-9e56-46d2-a8ec-86ae0162fbcd,Pengguna Google,https://play-lh.googleusercontent.com/a-/ALV-UjVzJwuSr0bSUJvBAqOXif6xhz2D0yGd5JuPRIU5-Yw5oSD_A_K8,sangat bagus,5,0,2.3.0,2025-02-19 10:47:05,,,2.3.0
78b7f43b-ae60-4045-b1f1-4841d5058629,Pengguna Google,https://play-lh.googleusercontent.com/a/ACg8ocKLnmOYVexXGki8imFCJkoFftY-dVCz-FFzlnjMD99B1d8fRQ=mo,üëçüëçüëçüëçüëç,5,0,2.3.0,2025-02-17 22:54:53,,,2.3.0
ba7bbc69-0b4a-4034-b67a-a3889e43ffd4,Pengguna Google,https://play-lh.googleusercontent.com/a/ACg8ocJ87G-za4R_cAXRoBRt5HS3bDws0Igo5kFI1rnMsDAz9QHIYA=mo,mohon ditambah halte lagi di barat simpang wojo yang arah ke terminal giwangan. untuk jalur 9,5,0,2.3.0,2025-02-17 06:21:45,,,2.3.0
8727fc4b-1126-4aec-86fa-64b79b2548dc,Pengguna Google,https://play-lh.googleusercontent.com/a-/ALV-UjWaP2XaRSyZN6zxKkKFd-Nlf1IvpAHbUfRUq9Ps_TdMxZkpxwxD,"Wah bagus banget, semuanya lengkap dan ngga ada iklan loh! Makasih trans Jogja udah menemani kita semua. Tapi bisa ngga hubungkan metode pembayaran ke gopay?",5,11,2.3.0,2025-02-16 12:52:42,,,2.3.0
1afc7336-7cab-45a5-9a28-277febb255a8,Pengguna Google,https://play-lh.googleusercontent.com/a/ACg8ocKLQPzj0m70g7WyhFGCokfOrWmkl_eCGcFC7RxR2kz24jqkeg=mo,BAGUS,5,0,2.3.0,2025-02-16 04:41:30,,,2.3.0
45922eee-6386-4025-a6c2-93185db8584f,Pengguna Google,https://play-lh.googleusercontent.com/a/ACg8ocKtwdjp2c61MDQonkT-75pF_6Z4MAkV_zAt09xvQKSCfispiw=mo,"Tolong dong yg jalur 12,14, sama 2A tlong ganti bisnya jdi yg besar dong karena 3 jalur itu byk yg pake, apalagi yg jalur ke pakem. Masa kl udh penuh nunggu lagi, dan itu lama bgt. Sama couternya tambahin lgi lah kyk dlu. Saya sering telat krn bisnya sering bgt berubah2 jamnya. Kl dulu kan msh byk couter jdi kl telat dikit bisnya masih ada lah ini nunggu 30 mnt sendiri. Sama bisnya jgn suka berenti pas lgi jam operasional dong, saya jdi sering telat gr"" suka berenti. Semoga ada perkembangan. Thx",2,4,2.3.0,2025-02-15 14:48:41,,,2.3.0
727a7796-acd7-4f5d-af3b-685708db650f,Pengguna Google,https://play-lh.googleusercontent.com/a/ACg8ocL_G4LYvOAOX9Xu7QTCf3xk-ILYDE_A9aO1z_kK7w1KX7e2UA=mo,"Mohon untuk halte halte yang baru di rute jalur 14 dan 12 diberi tanda, dikarenakan ada beberapa bus yang tidak berhenti di situ saat penumpang menunggu. Mohon dibuat SOP untuk setiap halte bus untuk berhenti dikarenakan banyak penumpang disabilitas netra yang tidak tahu bila bus itu datang. Mohon rute lain seperti 2A 2B, juga diedit seperti 1A & 1 B supaya tidak berputar-putar rutenya . Dibuat untuk rute kepergian dan kepulangannya yang sama. Mohon petugas di halte untuk lebih ramah & akses .",5,8,2.3.0,2025-02-14 23:33:18,,,2.3.0
0288bf5a-14cd-4fee-95e8-7d2e155b3e5f,Pengguna Google,https://play-lh.googleusercontent.com/a-/ALV-UjW8_8shsXBuEdBcUx867sE1NAxAMdLs9QrKzjPNOd1_Szc4HK-L,Bagus,5,0,2.2.1,2025-02-12 13:13:08,,,2.2.1
edbbd373-9d05-4ac2-b5ee-4bfaa4bf3548,Pengguna Google,https://play-lh.googleusercontent.com/a-/ALV-UjWY4csqbfwl4Nuh6-XkBLQI0Vv3yphNGa4mRM4irS9JY-Gk6HGM,5B lama banget bus nya cuma 3,1,0,,2025-02-11 22:59:43,,,
7c95dfd4-ebf1-4179-9606-63a719ffa856,Pengguna Google,https://play-lh.googleusercontent.com/a/ACg8ocIpQs1J47OqN4euaPcCcpPNXpJ2gO6A71NoHrLlVQNOHmsxgA=mo,Ini aplikasinya kenapa ya kalo buat mantau lokasi loadingnya suka lama,3,1,2.3.0,2025-02-10 08:37:37,,,2.3.0
cce57d27-8e6e-47b9-998e-95693c74cc79,Pengguna Google,https://play-lh.googleusercontent.com/a-/ALV-UjWUbvicmnTarARXQiSW7LJyDoH6ICIKWRyMqt5EoauAPpXT6CFO2A,Tampilan baru dan keren. Apl ini memudahkan moda transportasi tanpa kesulitan. Mudah naik bus trans Jogja ke Tujuan lewat halte setempat.,5,0,2.3.0,2025-02-09 10:07:08,,,2.3.0
a935f41b-79a0-411f-8f7b-ea848ac2c6a6,Pengguna Google,https://play-lh.googleusercontent.com/a-/ALV-UjVnr1aXyxgXIR05eVbJNtb_ANJ0PVVX4eZkRrQOQKw4XyBji2k,Lama nunggu bisnya di rute tertera ¬±40menjt tapi saya nunggu 1 jam lebih,1,0,2.2.1,2025-02-07 08:45:27,,,2.2.1
ae45d981-7d48-4c1d-badf-8b3236779667,Pengguna Google,https://play-lh.googleusercontent.com/a-/ALV-UjV1pjMZ92CsrAhjN0E9UxVu3aC-ZXNxgWNsWPhM-5u0qCLQfyc,"Saran di benahin lagi dong untuk pemberangkatan jangan terlalu lama antar bus nya, kasihan yang menimati layanan tj bagi pekerja,...",1,1,2.2.1,2025-02-06 05:52:08,,,2.2.1
c5396710-39a7-44b1-9b5b-0ed6c35308cb,Pengguna Google,https://play-lh.googleusercontent.com/a/ACg8ocKend-Xv6pRPDCqmXUISw3lJR3Qhz9JVpegE72V2y55NZivYg=mo,Aplikasi kacrut. Ngasih peta aja musti hidup in lokasi. Bikin boros baterai dan ganggu privasi pengguna,1,0,2.3.0,2025-02-04 03:37:27,,,2.3.0
ba90ee86-5a1e-4e58-ad67-426d7c7f9184,Pengguna Google,https://play-lh.googleusercontent.com/a-/ALV-UjWhfxHQ-QWYwavYCHFPLJH7KZgrSm65tPiNHiCBhFcFcQT6TCEz,Update bikin ngelag,1,0,2.3.0,2025-02-03 10:09:30,,,2.3.0
6dd91ba4-2715-4c0b-89fd-1177cf574bc5,Pengguna Google,https://play-lh.googleusercontent.com/a-/ALV-UjVWTapQSSK3K1TXn4whs2Ev9n79DLmYVpn4ss4OSt2jJ3ckmA0,TIDAK BISA LOGINN,2,0,2.3.0,2025-02-02 15:05:54,,,2.3.0
a3d678d3-1591-4832-aa58-46ee9b323f89,Pengguna Google,https://play-lh.googleusercontent.com/a-/ALV-UjVCZryKN2a01ko93cn_xTtV6iSPWhrVLTRUKdQJDIGq_MnW5-be,"Rute nya diupdate dong, banyak bus yang rute nya beda sama di aplikasi.",4,0,2.2.1,2025-01-28 11:57:57,,,2.2.1
7eceebac-8aa6-43fc-9cd4-f69cdf1ceda9,Pengguna Google,https://play-lh.googleusercontent.com/a/ACg8ocLspkjqlovsYImhB6VZoIN__bUqhLgrLLb0FcrdknxDEzcG5Q=mo,Sangat membantu untuk melihat titik bus dan sekarang enggak susah kalo mau ngasih saran atau aduan,5,0,,2025-01-24 07:56:46,,,
a4e5e6b9-c5a3-4854-afa1-91e15210d104,Pengguna Google,https://play-lh.googleusercontent.com/a/ACg8ocJwn8PLKr6gKnL-ewhomKAEiXZwE8uzhrcM5OI3qFiD3n2k0Q=mo,"pak kalo sedang hujan 2b nya jangan berhenti di depok,terima kasihüòûüòû",4,0,,2025-01-13 11:09:07,,,
da4875be-7799-4c90-a937-0b8c35479e24,Pengguna Google,https://play-lh.googleusercontent.com/a/ACg8ocIk_spqDa5kCYf-uYKPLw6LVqJaEM6a4X4Pfmn9NcWx_2NayQ=mo,Aplikasi yang sangat membantu.. akan lebih seru apabila ada jam keberangkatan bis berikutnya ü§ó,5,0,,2024-12-16 06:57:52,,,
99077954-3f6a-42b7-bf4f-d4fc0fe2ebeb,Pengguna Google,https://play-lh.googleusercontent.com/a/ACg8ocL4YMWqCWYc63FzYc5vzDPoJDj0HEU6zF5UhxG3dmOIvZYlvg=mo,hallo min tolong yang jalur 13 lama bgt üê∂üê∂üê∂üê∂ bis cuma 3 ini aku sudah 1jam bis dogkoll,2,0,2.2.1,2024-11-18 06:35:59,,,2.2.1
19ab3097-c8b4-46bb-bf06-ad647acfc2d5,Pengguna Google,https://play-lh.googleusercontent.com/a-/ALV-UjW4KGG26xO7KxMGvRWnorOdaQFMoqWEuc88MWLk3NS-PzaYM-N2,Plis banget jalur 14 tambahin armada nya,5,0,2.2.1,2024-11-12 22:34:56,,,2.2.1
220c2e25-027b-48b7-8b31-f69c397970e2,Pengguna Google,https://play-lh.googleusercontent.com/a/ACg8ocKHiHP-3Fbgzaq4pUTvneKo87cBh-EpZ9EMMrnSTTBBIyz65w=mo,Lokasinya kadang tidak akurat Di aps bus sudah Deket posisi eh ternyata gak gerak-gerak bus nya saya lihat semua bus juga sama tidak ada yang bergerak padahal masih siang jam 14.00,1,0,2.2.1,2024-11-01 11:39:27,,,2.2.1
edf2745d-f6b6-48fd-872b-c331dccf7e56,Pengguna Google,https://play-lh.googleusercontent.com/a-/ALV-UjXjWgXG7gd9auZcDvuLJkBceO8lNK8otLDRIWtDU2I7zC__eoo6,"TOLONG DONG PENGATURAN WAKTU KAPAN ISI BENSIN JUGA HARUS DIPIKIRIN. INI SELALU NYUSAHIN PENUMPANG. KAYAK GAADA SALAH TIBA TIBA HARUSNYA UDAH MAU SAMPE MALAH ISI BENSIN. MENDING KALO CEPET. INI BISA 30 MENIT SENDIRI. ORANG JUGA BANYAK KEGIATAN PENTING, ADA YANG KERJA DLL. KAMI BAYAR GA GRATIS. ANGKUTAN KOTA KOK BEGINI! BINTANG 1",1,0,,2024-10-11 02:50:53,,,
ab005faa-7400-4135-87aa-590833b9fbaf,Pengguna Google,https://play-lh.googleusercontent.com/a-/ALV-UjUsgzku0jBpo_jQye-5PXv7HnXWaxzf9jtR6wZrf0vI7-Jcc9c,Jadwal gajelas,2,0,,2024-09-17 08:29:21,,,
a6640db2-d306-4cc7-886d-f03d957f7fbf,Pengguna Google,https://play-lh.googleusercontent.com/a-/ALV-UjW6fEho9kt7pafQHdfT-HAs9enRE7uvmtKoGQbrXBvTRGvYe2EJ,"Menggunakan transjogja di beberapa jalur, semuanya oke, namun kecewa di 1C, entah sistem pengisian solar itu bagaimana, padahal jelas jelas kondisi macet parah, dari bandara (Maguwo) harusnya langsung belok kanan ke arah Prambanan, malah belok kiri dan putar balik di daerah hotel Jayakarta, untuk beli solar, padahal panel solar masih diatas 1/2, dan kenapa harus belinya disitu, dan kenapa belinya juga harus di saat macet, padahal opsi SPBU banyak, solar juga masih banyak, dan keluar jalur masuk",1,1,2.2.1,2024-09-16 09:46:43,,,2.2.1
2d1e0163-3631-4f76-8eae-85e92a770c83,Pengguna Google,https://play-lh.googleusercontent.com/a-/ALV-UjVVMGFo4lfjgwL0-LosXk04nUNgeOrcm1NoBncy6bvesaE2LbPQ,"Sudah bagus, jalur sudah sinkron, gps bis juga sudah sinkron. Saran, di bagian map untuk ikon bis bisa diberi tanda jalur.",5,2,2.2.1,2024-09-12 06:08:15,,,2.2.1
601fe1e5-89ec-4a2a-9eb3-a6ca182cfab2,Pengguna Google,https://play-lh.googleusercontent.com/a-/ALV-UjUFBg5MiNVsYnkBcyMZ2I8bFbOvubOu9IF1VfNbaUc6sWYYtbVp,Cukup membantu...meskipun baca/ngeceknya pelan2,5,0,,2024-09-09 23:14:40,,,
1ae81916-9959-4c5b-af06-af07ea9c4820,Pengguna Google,https://play-lh.googleusercontent.com/a-/ALV-UjVPUCmyNkr8OFk2xYpcBFGt7h3lfcmb4CqtpJ8TW2r8AIHowHuF,"Cukup membantu, tapi masih sering erorr. Bus stuck lokasi lah, masalah jaringan lah, ini itu...üòî",2,0,2.2.1,2024-09-05 09:51:29,,,2.2.1
8a2adaaa-0223-4362-a85d-71bda2d62683,Pengguna Google,https://play-lh.googleusercontent.com/a/ACg8ocLmVU0DiuK-9PCBK0JGrigihlD_ZmyH5NJw9za8lJm-ogAmKA=mo,Tolong jalur 2b dibanyakin dong bis nya saya nunggu setengah jam,3,0,2.2.1,2024-08-19 23:30:43,,,2.2.1
ad8d91ac-42c7-453f-b500-7e8444261772,Pengguna Google,https://play-lh.googleusercontent.com/a-/ALV-UjXFHP3c14MSOYnkuUhyovcNWNv_vqujG3JN5zvnbdkcFjko-zFi,Saya emang suka naik bus tran jogja karena lebih asik bisa ke mana pun aq pergi,5,0,2.2.1,2024-08-19 12:06:50,,,2.2.1
65a42d16-5a2f-4d37-9a7c-53bbf349c207,Pengguna Google,https://play-lh.googleusercontent.com/a-/ALV-UjUkPGHzNoBgbrQLmeo-DcS56ws3cxrjNmem8ZthdhDD4kB2eB2R,Burik,3,0,2.2.1,2024-08-17 12:32:08,,,2.2.1
dab81e1d-d6cf-4e67-9050-1add345e82bc,Pengguna Google,https://play-lh.googleusercontent.com/a-/ALV-UjWPwfQbNsDwXiyDq0EGK9kmhbbMim0YdvCNjvUvuwjSp_d8yx9l,payah banget pelayanannya petugas gak ngasih tau klo naiknya gak lewat halte mana bis nya jarang banget pengalaman naik dari madukismo 6A turun ngabean mo naik 3A ke gedongkuning ternyata bis gak brenti di halte tapi sebelum halte padahal udah nanya ke petugasnya alhasil mlongo di halte pas bis hanya lewat doang.,1,8,2.2.1,2024-07-24 01:05:23,,,2.2.1
44c6487a-b5a2-4b0c-8f51-0a76885c2d0d,Pengguna Google,https://play-lh.googleusercontent.com/a/ACg8ocL6P_SLnXtBhUNO2UyyJKAvS90TAyYNhQ3rUXHfMTjo_r-0gQ=mo,Petugas halte bandara tidak ramah,1,0,2.2.1,2024-07-22 23:16:17,,,2.2.1
734af584-658b-4182-bb1b-adfe03299dc8,Pengguna Google,https://play-lh.googleusercontent.com/a-/ALV-UjUw795LZ5r4ppGltqn6H5wNyVUF_k93EOl5pAjxVx_2ECY4woiy,"Untuk rute"" bus ny tidak lengkap contoh ny Rute 1a/2a tidak ada di dalam rute aplikasi",1,1,,2024-07-19 03:40:13,,,
2cf72145-c762-4faf-a404-360de6cd6eaf,Pengguna Google,https://play-lh.googleusercontent.com/a-/ALV-UjViE0qgB98GSKuBuZZxyQAhXZEn0Pe_jB17KoYwYvmG3aikRi2E,"Aplikasinya error, tidak bisa marker bis. Aplikasi sudah terupdate tapi tetap tidak bisa",1,3,2.2.1,2024-07-16 07:22:22,,,2.2.1
b5cfcc64-fcf3-410e-909f-2f5627b2f5df,Pengguna Google,https://play-lh.googleusercontent.com/a-/ALV-UjVfRPmU1uFu5GUSr6yygOIjozKtc2ptMFfC-eVY00DNXOkNWEu3,Sempat error dikit,5,0,,2024-07-16 06:28:47,,,
c5e8a7c2-f787-4ea9-8200-e7d38d283c1f,Pengguna Google,https://play-lh.googleusercontent.com/a-/ALV-UjUlPgxLLmv9bTDYry2w4Tdpjbv2LhTUppxTXLNsPHRFDRO8IFiT,Tolong update rute trans jogja tadi liat ada bus 1A tapi tidak ada di aplikasi informasinya ada juga yang bus k2 k1 tapi tidak ada informasi rute busnya,5,1,,2024-07-11 12:27:21,,,
4d85578a-130a-4a8a-ac7d-0e8692d159d0,Pengguna Google,https://play-lh.googleusercontent.com/a-/ALV-UjX-vj2p0v6LQZG2PZTmJMPK3y9rnzlVFTnd5hknMODU3V7rRqb-,"Sudah bagus, masukan saya apa bisa diberi notifikasi suara kedatangan bus sekitar 1km menuju halte terdekat saya agar bisa mengambil ancang2. utk saya yg didaerah yg armadanya sedikit kadang kaget bis tiba2 sudah berangkat setelah istirahat & menunggu waktu agak lama. Terimakasih transjogja",4,4,2.2.1,2024-07-10 07:46:05,,,2.2.1
30f8b94c-09b3-4bfa-953e-bbda207200bd,Pengguna Google,https://play-lh.googleusercontent.com/a/ACg8ocKGEzWrZWR-Oz0gFkeq7da9EtC3L2MLlJjTMnG2U5AgcUVeKA=mo,"Kadang nge bug, posisi semua bus stuck ga gerak ditunggu sampe 5 menit pun",1,1,,2024-07-09 10:13:55,,,
7b73d572-bd61-4bcd-bbad-6a589d2cd81f,Pengguna Google,https://play-lh.googleusercontent.com/a-/ALV-UjUUZdu6CkidJefOYC2FWEJ9zWtorNA2U8x7G-Cu9SyjUNhf3G4,Jalur 11 sdikit jdi bintang 1,1,0,2.2.1,2024-06-24 08:36:53,,,2.2.1
a8f0ff30-ea9b-41b2-bbe2-38e96520222b,Pengguna Google,https://play-lh.googleusercontent.com/a-/ALV-UjXjWX4hePToRMDElyvAIKg1f_sOGZdbyJ9Kk-Fln2x7pY1uUkck,"aplikasi pagi2 ngelag, pdhl dibutuhin bgt",1,0,2.2.1,2024-06-20 23:01:37,,,2.2.1
08ed6147-f72c-42ad-8380-c1c07acc05f3,Pengguna Google,https://play-lh.googleusercontent.com/a/ACg8ocLUoxs0wIJ21Gkz-GQyQFg72Doc5Ijsh8fie0JESy1aQU0kRA=mo,sangat menbantu banget terimakasih . sama kasih info 1A. kapan akan tiba di halte terimkasih banyak,5,0,2.2.1,2024-06-15 08:26:38,,,2.2.1
a976240a-b293-4543-8f3b-0577d40b9b24,Pengguna Google,https://play-lh.googleusercontent.com/a-/ALV-UjWgyowDTsiHBL536MurrMQ7GJOh4aFx22cKBKtFKcoqwRhObXZ-,Masih perlu di coba untuk meyakinkan pelanggan setia bus trans jogja,4,0,2.2.1,2024-05-27 14:14:27,,,2.2.1
0bc167fe-699d-46ea-80a6-a829224e1bfe,Pengguna Google,https://play-lh.googleusercontent.com/a-/ALV-UjXezbF0pjsHu5wmn3nY63PaF92dctWQDYRLVtbXTJ5l0KWt-rl7,"Sangat membantu, saya bisa mengetahui lokasi bus saya secara real-time dan sangat bermanfaat bagi yang tidak mau terlalu lama menunggu di halte",5,0,2.2.1,2024-05-21 22:39:44,,,2.2.1
27a15765-eb82-4562-a182-dc53b476740e,Pengguna Google,https://play-lh.googleusercontent.com/a-/ALV-UjUGvFA8u8RzNoxaDSZ5ea1F7hMZVfQm2LUt1tvItXX02iHENCw,"Tolong untuk di update aplikasinya. Info rute tidak sinkron, jalur 12 sudah tidak tersedia sedangkan di peta integritas masih ada. Marker bus juga belum terpantau semua. Selebihnya sudah oke",4,1,2.2.1,2024-05-21 19:25:42,,,2.2.1
c34f0f93-f06c-4ed2-8cf1-33b8b4dd645b,Pengguna Google,https://play-lh.googleusercontent.com/a-/ALV-UjXZBh83f4vkKRA-ECjC7zXSsJVcX-SZ-55HZU5-LJEzmg9cHG7l,"baguss sekalii, aplikasi nya sangat membantu memantau bis",5,0,,2024-05-20 08:34:22,,,
4d22f2f0-00a9-4f91-b999-69749400c466,Pengguna Google,https://play-lh.googleusercontent.com/a/ACg8ocLRohzdtO5Y4Vjwti63vrv7Mkiqh6JYY8Z3AzsXUOjk7swd3Q=mo,Tidak berguna,1,0,,2024-05-13 10:11:00,,,
d9c3310b-24df-4cce-8b7e-4b1d5c77d3e1,Pengguna Google,https://play-lh.googleusercontent.com/a-/ALV-UjWgEkExbrJR4Bd4OBI0nu_NcbO8rG_f9kqon3R5Y4XAdvxxBhN_,Bagus untuk cek bus trans Jogja sampai dimana,5,0,2.2.1,2024-05-07 16:50:45,,,2.2.1
95a4326a-0df6-4aff-8973-3a0c0d8ed127,Pengguna Google,https://play-lh.googleusercontent.com/a/ACg8ocKmlhnmW5R8yDG4ycjYL9PtIzSQFUyP34mk7eKoNISzLMQ8hA=mo,akurat,5,0,2.2.1,2024-04-25 10:06:54,,,2.2.1
448bcf16-dc69-4783-8cd7-8ffcdfe0ca90,Pengguna Google,https://play-lh.googleusercontent.com/a-/ALV-UjVMhj2wDMbtYgmCw0yfjNOlwrMBIKm0H77gp3uuyJEvaIB5Jc51,Manteb sih... Semoga diperluas lagi jaringannya smpai pantai selatan. Paris. Samas. Pantai baru...,5,0,2.2.1,2024-04-20 08:31:24,,,2.2.1
174205bf-fd07-47da-99f9-df9332bb4572,Pengguna Google,https://play-lh.googleusercontent.com/a-/ALV-UjWk3cu_Cz_ZsKqXs44j_2pm-54AkJ4VXF9pK_Be9hhXoFGMfDYq,"Alhamdulillah, lumayan terbantu melihat posisi bus, yang mana fitur itu tidak ada di Google Maps. Sempat bingung ada rute yang tidak muncul, tanya kondektur, ternyata caranya dibalik aja arah rutenya. Mantap deh, sukses terus Trans Jogja üëç",5,13,2.2.1,2024-04-14 09:07:44,,,2.2.1
a365bc0d-c377-4a67-b9a2-c678c012933f,Pengguna Google,https://play-lh.googleusercontent.com/a/ACg8ocJVn8Nkd7lP6gLbZmo3p3ewoKyke-iJOwHaJ9SA5CJfCnMpQQ=mo,"Sangat membantu sekali aplikasinya, untuk kedepannya opsi pembayarannya lebih diperbanyak lagii",5,0,2.2.1,2024-04-07 12:04:02,,,2.2.1
8633017b-9579-4bef-a514-bf8b72ac743b,Pengguna Google,https://play-lh.googleusercontent.com/a/ACg8ocL67zdazRORV_nqSW-VhEktON6KlOk06J0Kn8EDRXlSfS26KQ=mo,"Informasi tidak akurat dan malah menyesatkan, mencari tujuan tidak ada malah yang selalu muncul nama tempat di daerah lain, bahkan Sumatra.",2,1,2.2.1,2024-03-27 05:48:24,,,2.2.1
95bacad1-c65c-4e35-87e9-d9406269803c,Pengguna Google,https://play-lh.googleusercontent.com/a/ACg8ocLm7MKssRtCtPwr_EyaptKKuXSLpQetF9bK5HJg8QW_3IaekA=mo,.akhir2 ini aplikasi justru sering eror atau lemot dalam membaca rute atau untuk memantau maps bus...harus bolak balik keluar aplikasi untuk dapat menggunakanya.mohon diperbaiki agar penumpang dapat memaksimalkan layanan transjogja.,2,0,2.2.1,2024-03-27 00:29:10,,,2.2.1
344a83bd-b78e-40eb-bf5c-b4ce877c6325,Pengguna Google,https://play-lh.googleusercontent.com/a-/ALV-UjWJIqQ-A48DfEkMK8jGGTGWT0YuKlcBLpzk6Ph6vf3np9sVefkj,Bus ramah anak. Free utk anak di bawah 5 tahun.. perjalanan enjoy sangat,5,0,2.2.1,2024-03-26 10:03:12,,,2.2.1
4a8e5267-a8a4-479c-ab4c-5b53a641b2e1,Pengguna Google,https://play-lh.googleusercontent.com/a-/ALV-UjVe3o62xd_05fNq8nHUt6CHQnz-_NoVkbmWC6BxliL5BORpC4Nz,"Lemot, padahal sinyal lancar tapi loadingnya lama, tulisannya tidak ada internet, padahal kuota masih banyak dan kadang harus keluar masuk untuk supaya bisa reload",2,1,2.2.1,2024-03-21 05:22:50,,,2.2.1
b2fec1eb-7dca-4242-bda8-7651416c8282,Pengguna Google,https://play-lh.googleusercontent.com/a/ACg8ocKrlQLx7z7d6ry5Q6fX64sSL0mFbGMuytFYiJwNah3hrPVMVg=mo,Good transportation public,5,0,,2024-02-28 10:21:15,,,
2b920c5c-727e-406d-90f4-f47174023053,Pengguna Google,https://play-lh.googleusercontent.com/a-/ALV-UjUl7xX0j6NnbOYHgg8S23YN5rI4TYH7lLK3_XiSfLC1fsYYRoZZ,Bagus,5,0,2.2.1,2024-02-26 03:07:14,,,2.2.1
df3bd69e-6127-47d9-9262-acaf7a4e24be,Pengguna Google,https://play-lh.googleusercontent.com/a-/ALV-UjWW-NJQlnz5i9OpUQm0o2AAQIZkeOGzvHJ9-nC28gWDSVe2-kix,"Terimakasih trans Jogja, tolong tambahkan rute ISI Yogyakarta, Tembi, RS Panembahan Senopati, dan Ganjuran Bambanglipuro",5,0,2.2.1,2024-02-23 02:01:21,,,2.2.1
1b6be15c-2635-4ad5-b4f9-057be7fffcc8,Pengguna Google,https://play-lh.googleusercontent.com/a-/ALV-UjVwR_-IthIihymYlAkmP6gchNRn6OYfQlJiGX-8-1P7wYKdIuu_,"Sangat berguna untuk saya yang sering menggunakan Trans Jogja, ada banyak fitur yang sangat membantu untuk berbagai pengguna. Bintang 5 ‚≠ê‚≠ê‚≠ê‚≠ê‚≠ê",5,10,2.2.1,2024-02-21 10:45:10,,,2.2.1
73896490-6475-4ef2-b534-864d61a32cb5,Pengguna Google,https://play-lh.googleusercontent.com/a-/ALV-UjWUTByA7YCiUXwG2xhWbb5z2aNeUUyrNTz8qKWO2lAfzbYV1dI,Pencarian halte susah tidak sesuai nama tempat,1,1,2.2.0,2024-01-28 13:39:18,,,2.2.0
61cbe5ce-7b74-4a42-a0a7-ca3df44e1fc5,Pengguna Google,https://play-lh.googleusercontent.com/a-/ALV-UjVsfDSm0_dyIoPVquSFqwJoMk-ltHuagVwiz8YNI3sRQjEts-vr,"Pokoknya saya pribadi sangat puas banget dgn pelayanan Bus Trans Jogya dgn harga tiket nya murah banget lg, mksh bnyk dgn adanya transfortasi bus ini.",5,3,2.2.0,2024-01-27 08:02:56,,,2.2.0
f76d782b-8bf1-488f-978b-5152c9476cea,Pengguna Google,https://play-lh.googleusercontent.com/a-/ALV-UjX-dwnlwoGDupcRR6ghb0cPMokDZujdYf8nyAKwqATWjXLPoAGr,"Makin bagus, saran ada info driver & kernet",5,4,2.2.0,2024-01-23 07:54:50,,,2.2.0
04610ab7-06a8-463a-8199-9444ff1d1733,Pengguna Google,https://play-lh.googleusercontent.com/a-/ALV-UjVNR1njQRJ_FXe8CIJGA5jVT_tM1dWDBbQD9vvqnBbYMb49XCCB,Buruk menu search bukan mengacu didaerah yogyakarta saja tapi malah ke jarak jauh sampai semarang dan semua area Jateng. Masih mending maps,1,6,2.2.0,2024-01-23 01:36:32,,,2.2.0
c9711336-3382-4b66-ac7f-1b98d66418c8,Pengguna Google,https://play-lh.googleusercontent.com/a-/ALV-UjV1hZPagb8QooAlaZcCYxcLhmc4ux322LxBSdP0KMKLk6K2pqAO,Masih sangat perlu di improve karena pencarian nya masih susah tidak berdasarkan nama tempat2 yang ingin di tuju. Contoh: ke stasiun tugu tidak muncul di search,1,15,2.2.0,2024-01-14 07:13:24,,,2.2.0
6b666428-42e3-430e-a035-fd738978cd71,Pengguna Google,https://play-lh.googleusercontent.com/a/ACg8ocLY7i95i-loFFHZo--wf0Crkv6AyZ53Bi_DUdLraT4tGiBU6A=mo,aplikasi terus terusan eror dlm sebulan ini...posisi bus tak terlihat,1,3,2.1.9,2023-12-21 22:52:19,,,2.1.9
acbe85b4-3914-4de3-afae-ec16c74ec0d1,Pengguna Google,https://play-lh.googleusercontent.com/a-/ALV-UjWyIpYXjOSLGIjTarEvIuPnVg3W-M_RCTfSpdGkRDwKx4_-Hwk1,Aplikasi penipuan,5,0,,2023-12-21 07:30:02,,,
8b104c6d-397f-4e30-b94b-ab6b64cb13ec,Pengguna Google,https://play-lh.googleusercontent.com/a-/ALV-UjVaqDofACj8uF5QB0fnKrAYOsmZwIEstFLH_RY3zKXgWR52T1-o,Josss,5,0,2.1.9,2023-12-20 22:57:42,,,2.1.9
cd602c2c-ebbe-4f99-a5e4-4c8c8b7b2604,Pengguna Google,https://play-lh.googleusercontent.com/a-/ALV-UjWXk-BQ0Cz9COJ_gFlip66RXAvhJFG3wLjU4Ieo5Dh-fpjHBVs,Sering banget error aplikasinya sekarang.padahal lagi dibutuhin banget lihat posisi bus lagi dimana.,2,7,2.1.9,2023-12-19 00:45:33,,,2.1.9
ba085b57-626f-47d4-bd2f-67bc91c00cfb,Pengguna Google,https://play-lh.googleusercontent.com/a/ACg8ocK1lRp2PHyE-9vnaEv5g7LXD-sH8WKTAwy-FpDgmizYPYYpjA=mo,Bagus,5,0,,2023-12-11 09:20:15,,,
fce5275e-1c85-4762-ba33-261be243cbca,Pengguna Google,https://play-lh.googleusercontent.com/a-/ALV-UjVsWws4GZ5IQDJguiskfGDPLjVgeSwaVrPLiOlYX-AGUcKPWvVjvQ,kalo boleh untuk penggunaan data nya dikurangi üôèüèª,4,1,2.1.9,2023-12-05 08:22:46,,,2.1.9
2d7d4e9b-37fd-4bfb-a12a-cb8c7fb60c95,Pengguna Google,https://play-lh.googleusercontent.com/a-/ALV-UjXWIaJ2UqFWCKGwOR8ZSWwPqxEmfh_2VcuZixu2d7ljR3WGqLoT,bisa mantau teje jadi bagus,5,0,2.1.9,2023-12-03 07:21:30,,,2.1.9
228a530e-4372-41e0-b528-6a1a521d2368,Pengguna Google,https://play-lh.googleusercontent.com/a-/ALV-UjVS7eN39oWhtBjboj8NvECne1vY8Zjhflnc-L5yLuEPORPAtrM,Halte Colombo UNY tolong tambahin lampu biar terang sudah 2X saya dilewati Bus malam hari karena sopir mungkin tidak melihat padahal saya sudah melambaikan tangan,1,0,,2023-12-02 12:30:33,,,
343029b0-4273-47bd-a956-a79dcd4fe7ce,Pengguna Google,https://play-lh.googleusercontent.com/a/ACg8ocKjrCcQF6rzQ3_jso89Rsc2AQE_TLr2bxSOM0v_yhrxGU4AR4k=mo,tolong lah untuk 2b kalo hujan masa jeda sampai 1 jam lebih biasa cmn 15-20mntan saya mau berangkat dan pulang sekolah jadi nunggu lama,3,1,2.1.9,2023-12-01 01:47:47,,,2.1.9
3d7b902e-a49b-41e3-8b65-cfda4e7b5d08,Pengguna Google,https://play-lh.googleusercontent.com/a-/ALV-UjWjYez7Ckf4vTKClAp_5XtFWsGbHqFXj6eQEsNtNUl--Ti87CE8,"Sering trouble, penangan kelamaan.",3,0,2.1.8,2023-11-29 01:21:03,,,2.1.8
4ae83893-ccc0-40b6-bcae-801b3972d74f,Pengguna Google,https://play-lh.googleusercontent.com/a-/ALV-UjWIYUEK14FjduguBcEkt5f6sJ1H7HQ_UNaEF3lSVPy6b_bSUHE,Keren,5,0,2.1.8,2023-11-16 00:45:10,,,2.1.8
d289ad84-9311-4ce9-afb2-4b1d88b506a3,Pengguna Google,https://play-lh.googleusercontent.com/a-/ALV-UjVUrfUVKAVLOdFl0gVB84eaxilWeJSBif5-R0lqSNnwIbf1jA-q,Jadwal ga jelas. Ga sampai kelang waktu setengah jam bus sudah lewat. Dan harus nunggu 1 jam lagi baru dapat bus.,1,1,2.1.8,2023-11-13 02:48:03,,,2.1.8
b0d75c0b-e475-451f-a3d0-3f4ba9ab0713,Pengguna Google,https://play-lh.googleusercontent.com/a-/ALV-UjU0U4i5FmhZ2ueHElnF0uwrsSUZ2eg7hzM3z2TyweD8zAbd0sRA,"Hai ,saya nazanda r.",4,0,2.1.8,2023-11-11 21:25:06,,,2.1.8
7dfc2d5f-e7b9-42e7-abbe-6d0d097a07d5,Pengguna Google,https://play-lh.googleusercontent.com/a-/ALV-UjUQPISaW7L0G00fM1pBEWD7jMlut-2fZ_R6UkgEkkOatCEfWzGb,Gw bantu lerrüòéüëä,1,0,2.1.8,2023-11-09 12:28:27,,,2.1.8
25d470d2-23b5-48aa-b3e5-db800b64052e,Pengguna Google,https://play-lh.googleusercontent.com/a/ACg8ocJC4Nr5bk8n0MdSZ9QvAHmA_sHI_ghmYk4XDfhdJuNeJjkGEQ=mo,Sangat membantu,5,0,2.1.8,2023-11-03 09:21:12,,,2.1.8
a7d12597-403b-4ab5-bea5-ca5ed1f4fce9,Pengguna Google,https://play-lh.googleusercontent.com/a/ACg8ocJloewPURf_1mzcF8T-skKkSeVT2VSr3x-eGbxaSIcTEKsNbg=mo,Bus 35 belum kelihatan di aplikasi,5,2,2.1.8,2023-11-02 01:36:45,,,2.1.8
986f84b8-2f93-4dab-a7b7-2a4fea42d5b8,Pengguna Google,https://play-lh.googleusercontent.com/a/ACg8ocJl3b6GfZSVHEL3D--9faxxKFcjeZ-mliT0wTDfQs7SYvFL2A=mo,"daftar sopir dan kernet yg pernah bahkan sering Bermasalah & melanggar terutama ke customer (1) 3A & 3B sering bgt di depan polsek Depok timur. (2) 15 nomer 28, 29, 07 AB 7326 BK -+ jam 9.23/28 okt 23 di ngabean. (3) 8, 27-okt 23, di queen latifa. (4) dll lupa byk bgt sering bgt",4,0,,2023-11-01 06:08:55,,,
fdb21d84-35c6-40ae-a958-05ab360cc281,Pengguna Google,https://play-lh.googleusercontent.com/a-/ALV-UjVHdzbu02rtc9_uFnXp-zPYd7ANKmMVgOQVnRjZSG5x0JUhHhEj,Sangat berguna,5,0,2.1.7,2023-10-29 11:56:47,,,2.1.7
1e083f62-b392-417b-885a-dff2cd7dbd5a,Pengguna Google,https://play-lh.googleusercontent.com/a/ACg8ocIoRjTIVDo2cVQEL7TeJzdSzVsT7w5zgis7nnmn-lO0xUxcYw=mo,aplikase bangsat,1,0,2.1.5,2023-10-27 00:08:39,,,2.1.5
fd971996-98b7-40e6-aa6c-df4e32681acf,Pengguna Google,https://play-lh.googleusercontent.com/a-/ALV-UjWBpRuU8u02Y-P_AjMeqxWeCzMZEuv42eckeiSUqkE0IjgKzzA,"jalur 8 gak sesuai jadwal, sdh 2 kali gak berangkat nunggu 1 jam-an hmmmmmm",2,0,,2023-10-21 11:04:59,,,
804eed4e-e70f-4047-ba41-5acf8eccdbe0,Pengguna Google,https://play-lh.googleusercontent.com/a/ACg8ocLKHJ5bU9bn96QrSqkH8TdcyAU2Z9xVfaAH7Q4RO8hXYA5g_w=mo,"1 bapak kurang ramah, saya nanya dicuekin, berlagak amat, klo penumpang nanya dijawab, jangan malah sibuk sendiri, bapak bapak lhoo gimana sihh!! Tata Krama kaga ada? (Terminal Congcat)",1,0,,2023-10-11 00:04:05,,,
27293129-ac69-4a9d-8653-e4bfcd220722,Pengguna Google,https://play-lh.googleusercontent.com/a/ACg8ocLf5EfzAIIDD-peo6ao21fo8B_f5yEKNVKnruiOW2UvOIZ30g=mo,aplikasi yang sangat membantu buat tracking posisi bus transjogja jadi gak bakal telat,5,8,2.1.7,2023-10-07 04:24:25,,,2.1.7
02309ebe-d544-471b-9e97-0e861717f6ff,Pengguna Google,https://play-lh.googleusercontent.com/a-/ALV-UjWEh-KHVj0ZKM0JtdFIfjImtcByYIhdKXg_rS8uDL370yZJcmU7,"Nunggu 1B lama banget, masa dari jam 16.30 sampai 18.30.",4,0,2.1.6,2023-09-28 10:26:29,,,2.1.6
668c541c-e83d-498c-9209-e1269834b095,Pengguna Google,https://play-lh.googleusercontent.com/a/ACg8ocJ-2PfU12GcEbcvJS7hcc2LR__NfH-hyG-B51bIh0BpbgqTM4eZ=mo,Armada jogjja murah dan praktis.,5,0,2.1.6,2023-09-25 10:01:07,,,2.1.6
621d1d30-48fb-42c7-83ae-91531763b316,Pengguna Google,https://play-lh.googleusercontent.com/a-/ALV-UjUvggKy1tl2BgeMTo36FIcdaRZckkV9owkzuvq2GkWtJqBWmhH7,"IT ne gobl0k, gblk sakpole",1,0,2.1.4,2023-09-20 05:30:14,,,2.1.4
64b30afd-3f87-4918-8679-cbe8f50ebf70,Pengguna Google,https://play-lh.googleusercontent.com/a-/ALV-UjXLKMExJoBa-hVd1b6qCNO2DVcD9WiSXc2XmLExoVIdRYq-KW4,"Penempatan nama sangat buruk, tidak dapat muncul nama tempat meski yg dicari dengan keyword alamat ternama. Dan fitur lainnya.",1,1,2.1.4,2023-09-16 10:03:01,,,2.1.4
58d725ae-b270-4dc4-9ab5-8e3394928715,Pengguna Google,https://play-lh.googleusercontent.com/a/ACg8ocJw3mAolQjVz5fW2GTtt2Shybrj73PNFGKiUj7iYATlsCvyWgk=mo,"Saya agak kecewa sih karna saya melihat seorang kakek¬≤ yg ingin naik,lalu di hadang oleh petugas,jujur saran saya mending kalo ada lansia,ibu hamil,dan yang mempunyai keterbatasan mending di utamakan atau di suruh masuk lebih dulu.saya kasihan melihat kejadian tersebut",2,1,2.1.4,2023-09-13 07:49:13,,,2.1.4
a8008c0b-987c-4685-9657-a20f4e3af3ee,Pengguna Google,https://play-lh.googleusercontent.com/a/ACg8ocIFq4WxUWouKjrjxUIzv0fBIwrkdICjMt6HJw7_kqZsqvK6eg=mo,Aplikasi bus trans Jogja sangat bagus dan bermanfaat sekali bagi masyarakat dan para pengguna bus trans Jogja untuk perjalanan dalam kota Jogja yang murah dan nyaman,5,0,2.1.4,2023-09-10 11:00:00,,,2.1.4
1172ea96-1a35-4fb4-ad70-a68bdcf9ca57,Pengguna Google,https://play-lh.googleusercontent.com/a-/ALV-UjX2304g1KbZe0FogAZU6rO9zuCGYDNRxM_th0Qwv2TyrVjaa_7y,"Apa sekarang tiap sore sekitar jam 4 bis 1B arah Kota dialihkan? Tidak lewat Babarsari lagi? Apa tidak kasihan yg sudah 1 - 2 jam an menunggu bis, kalo ternyata dialihkan spt ini???",3,0,2.1.4,2023-08-29 09:24:53,,,2.1.4
c43ccf49-9a08-4980-845a-9fd25ee4e2bb,Pengguna Google,https://play-lh.googleusercontent.com/a-/ALV-UjX3LE7SZZJOiUyvy5RbKQJNwvuV-padP1IaQ-R5-iNkE8-2oU8U,"ngebantu banget, rute dan waktunya akurat",5,0,,2023-08-28 07:59:59,,,
0323486c-fb95-48e8-a43b-3204bf2774b6,Pengguna Google,https://play-lh.googleusercontent.com/a-/ALV-UjXpM9U-wHvwB8LC31W9YufoFxsWEgXs2S5uLLHW0tWvdS49_s4G,Pelayanan bagus.. Mengusahakan penguna trans jogja jadi puas,5,0,2.1.4,2023-07-30 05:37:42,,,2.1.4
e769d7d3-8360-499a-9a1d-17967e558fa9,Pengguna Google,https://play-lh.googleusercontent.com/a-/ALV-UjUZIGV6pYavbnwSG7zSeY3fVEgPNB6KCja6qCSIj2Gq1y5Q9NCK,Sangat berguna,5,0,,2023-07-29 08:18:01,,,
b7aea779-2154-4244-b101-318e0c687682,Pengguna Google,https://play-lh.googleusercontent.com/a-/ALV-UjX5lW-5XklewORJsPCdgi49RvGD8cniHFqnr8tIt44tluattsxr,Sangat membantu thx,5,1,2.1.4,2023-07-26 04:10:15,,,2.1.4
73d5a709-c708-40df-9bf3-cea250699590,Pengguna Google,https://play-lh.googleusercontent.com/a-/ALV-UjUDrYAFlomvIq2qB9xHjeqsu7ocysJE1HGMtTLtrXxrJy9LLpZq,Sangat membantu untuk tahu lokasi bus,5,0,2.1.4,2023-07-24 12:59:00,,,2.1.4
bb438c22-b609-43cf-9c6f-e7586a869e70,Pengguna Google,https://play-lh.googleusercontent.com/a-/ALV-UjWA8tx-4XqxrgDdeqVGOpoeN2pfOM5_XfkwK_byeINE25ekI75c,"aplikasinya bagus, sangat akurat dengan lokasi bus",5,0,2.1.4,2023-07-12 05:55:44,,,2.1.4
2bf91f5d-1422-4bd4-b416-fdc014f50bc6,Pengguna Google,https://play-lh.googleusercontent.com/a-/ALV-UjUP7jRAJm2CovDkxhbq5WCtlXgWs3L5A1OcVG0D_tK-fgeTxsEZ,Biasanya naik teman bus 1 kartu untuk 2 orang boleh sekarang kok ga boleh 1 kartu 1 orang,1,0,2.1.4,2023-07-01 07:07:29,,,2.1.4
593545ee-63de-4b8b-b47c-86a9c2682f49,Pengguna Google,https://play-lh.googleusercontent.com/a-/ALV-UjUUttIAfyIsV-bXlhXS1FyKWNFojAUe0GfnpD6HnZabuhFey3rb,Aplikasinya kelihatan memudahkan tapi klo lokasi dibalik dari lokasi ke tempat tujuan gak muncul sama sekali Malah menyulitkan,2,1,,2023-06-22 09:02:54,,,
853e587a-c5ab-4890-8bf5-5903f418a895,Pengguna Google,https://play-lh.googleusercontent.com/a-/ALV-UjWOKZSBCA3U4Gu8HLLCRbWyziJIAuFc7PCRF11TkHQ6FUvEkFg2uA,Sangat membantu,5,0,2.1.4,2023-06-19 23:55:46,,,2.1.4
932fe96e-c562-4884-b897-939bf46b56ad,Pengguna Google,https://play-lh.googleusercontent.com/a-/ALV-UjVGOSIkuZ4Pe7hPF7S10qkT15DKHl0LU-mmuIU8tmgNimvruoQO,Menurut saya sudah bagus tapi mohon di perbaiki lagi karena ada dua jalur yaitu 1a dan 2a tidak masuk aplikasi mohon dua jalur itu di masukan ke dalam aplikasi,3,0,2.1.4,2023-05-29 11:11:53,,,2.1.4
5e7fbcd5-3535-4527-b482-26cf9753c85e,Pengguna Google,https://play-lh.googleusercontent.com/a-/ALV-UjUHcbBUdE-OKN6UX34kTTejvkS2H8QDUkTPsYyvjKb5tUbQ8yvq,Gak suka metoda pembayaran hanya pakai satu saja: astrapay. Semoga ditambah yg lain yg banyak digunakan orang-orang,3,0,2.1.4,2023-05-14 04:42:14,,,2.1.4
3b69f569-1b95-4818-b2e6-6879a5c1529a,Pengguna Google,https://play-lh.googleusercontent.com/a/ACg8ocKXG0cFZEZ7UVqjHM0ptYt6DVqv-MX3scAKj_1kaywhau9jvw=mo,Bagus buat liat jadwal Tj pas pulang sekolah,4,0,2.1.4,2023-05-12 09:50:33,,,2.1.4
2f3884b7-1c8e-482d-8200-3e33d8b3ae03,Pengguna Google,https://play-lh.googleusercontent.com/a-/ALV-UjUqAKgUoDqyzgkgSKbgLbQptuhIuHJrdrB3e1EejAOuUuFaigFFeg,"Secara fungsi sangat bagus, membantu sekali karena bisa track semua bus. Sayangnya seringkali GPS tidak update dan rute yang disediakan malah mutar-mutar.",4,5,2.1.4,2023-05-10 12:20:57,,,2.1.4
726575b6-8a48-4f4b-8d39-c2e2ed6dddd4,Pengguna Google,https://play-lh.googleusercontent.com/a/ACg8ocKoEIiPFH_KYgLS1Xlj686EDCR7JA0hRSsbkxcNqL7sx5XddA=mo,Trans jogja sopire le nyetir podo ugal-ugalan..!!! Nyebai!!!,1,0,2.1.4,2023-05-01 15:53:08,,,2.1.4
a6f71830-a246-41b7-89c4-32d497658e67,Pengguna Google,https://play-lh.googleusercontent.com/a-/ALV-UjXXfaHbnQbpuLhTqns89-qdjZwr1ihMQUTNGIPwKINtsCZ2TqzB,"Bagus, memudahkan kita tahu di mana posisi bis secara real time, minusnya di panduan rute aja yang malah jadi muter2, jadi masih lebih baik kita hapalin sendiri rutenya",4,0,2.1.3,2023-04-25 15:59:55,,,2.1.3
4c637177-219a-4e79-8ac6-af04e86f0297,Pengguna Google,https://play-lh.googleusercontent.com/a-/ALV-UjXucYnrbGnYFbYWn6xxvXOVhyWaZeuC-7u2JA9QW4XDPUecnj4,Baik,5,0,2.1.4,2023-04-18 07:43:18,,,2.1.4
1cd29132-2e78-4b9f-9626-24608cd0133c,Pengguna Google,https://play-lh.googleusercontent.com/a-/ALV-UjVB3mxEcuKJ5gVPE3MFm8R3Mjqymgmb-DrUltL1RiL4DIHOL8_1Xw,sangat membantu sekali saat mau berangkat kesekolah jadi bisa liat bisnya sudah dijalan,5,0,2.1.4,2023-04-12 15:27:15,,,2.1.4
4c83ecc7-3e86-4801-96a3-8e22fafa1520,Pengguna Google,https://play-lh.googleusercontent.com/a/ACg8ocJn-wCgkfsP8O7u6knfuxINB7Ze5t5CpnhC_T2mDVEQpa4cyA=mo,Aplikasi nya bagus semoga ditambah fitur cek saldo kartu trans Jogja pelajar dan regular,5,0,2.1.4,2023-04-05 14:01:03,,,2.1.4
90e79548-056f-4cdb-a80c-93b304ccc519,Pengguna Google,https://play-lh.googleusercontent.com/a/ACg8ocLNoubGvo5TDdJaubK5H0gUiiCeSmyD-SrpBioCiy_Sx5mK1g=mo,banyak bus yg gak sesuai dg diaplikasi.contohnya diaplikasi jalur 15 ternyata malah ke jalur 2B,3,1,2.1.4,2023-03-31 09:10:19,,,2.1.4
2d4abbfb-b1c1-4635-885d-908c6f913e12,Pengguna Google,https://play-lh.googleusercontent.com/a-/ALV-UjVj7g9o2ttRMLx5EFjFd-wehsgDynf5Mzw87BkTCeY5n0PTruw,Membantu,5,0,,2023-03-27 09:08:50,,,
3e302ad3-a3a1-482d-a734-54c34e0f2d58,Pengguna Google,https://play-lh.googleusercontent.com/a-/ALV-UjU2GlqNF1JXCRi3bLZEgPPY6Xb7MxRycR2SUuArwKyTMVpBK0Uj,"Bagi saya yg belum pernah naik TransJogja sempet seneng ternyata ada aplikasi ini. Tapi fitur yang paling penting dan krusial di aplikasi ini, yaitu info rute berdasarkan input lokasi, justru masih sangat buruk. Karena bisa menyesatkan bagi penumpang awam. Sebagai contoh, saya pernah mencobanya dan ternyata haltenya yg dilewati rute adl halte yang berlawanan arah. Sehingga otomatis salah jalur dan terlanjur kebablasan dan menyimpang dari tujuan sebenarnya. Dan juga, tdk semua bisnya muncul diapk",3,8,2.1.4,2023-03-21 16:36:32,,,2.1.4
eb86327b-eb28-4bf4-b173-0ae4f6940102,Pengguna Google,https://play-lh.googleusercontent.com/a/ACg8ocKmcFpYMpdV4hjfmkFyC9efvSNZ4ocXE8k9N_EpJ6CbAXk1AA=mo,beberapa fungsi ada tapi gak bisa digunakan,1,0,2.1.4,2023-03-20 00:54:57,,,2.1.4
2624312c-c0b1-4622-b042-2833b348c40e,Pengguna Google,https://play-lh.googleusercontent.com/a-/ALV-UjV00qZGzmW1oOCK7VLQU05IoYq_rzD3jDroYxGvrDS19b9pqWC5,Oke lah,5,0,,2023-03-07 13:10:11,,,
9177ef89-aed2-4d98-8b28-0da18593e226,Pengguna Google,https://play-lh.googleusercontent.com/a-/ALV-UjWzl4QpG4n7Rd85B4MAS10M8EbX51Cny_82OT0cozM9k2RFaR-p,aplikasi yang sangat membantu ketika ingin melihat waktu jalur bus datang,4,0,2.1.4,2023-03-06 02:15:52,,,2.1.4
2fda8f4c-ab34-474c-bae3-cfe8d89684da,Pengguna Google,https://play-lh.googleusercontent.com/a-/ALV-UjXQlWl0u2Wa6JfPtqnSSIQtHiDruxAKz2xoBj7KD94ERzHLeQ4T,"Akhirnya ada aplikasi ini. Cuma yg disayangkan, beberapa kali penjaga haltenya tdk menginfokan secara jelas bahkan beberapa kali diberi info salah soal rute, operasional bis dll. Minta tolong diperbaiki yaa. Saya 3 kali salah naik bis gara¬≤ diinfo salah dr penjaga haltenya & 1 kali harus mengganti jalur karena diinfo bisnya tdk jalan pdhl jalan. Terima kasih",4,7,2.1.4,2023-02-18 10:46:47,,,2.1.4
9659a7d1-cc89-44f6-8fa0-aea413f51862,Pengguna Google,https://play-lh.googleusercontent.com/a/ACg8ocKAdxMpSBfibIgYYmSwpujCLk1y-vxh1P9Gr-Bb-_IK6QKVgA=mo,TJ ASU ASAL MLAKU RA NDELOK UWONG WES RETI NENG PORTABLE ASU ASU,1,0,,2023-02-16 01:47:28,,,
7c7e67a9-420b-44e9-8a9f-01e5a01df279,Pengguna Google,https://play-lh.googleusercontent.com/a/ACg8ocKVxYgnC1NHDv2C7hskyWZy76TFrk2EBYUNBP1EvOQF_VoldQ=mo,Titik titik pemberhentian masih ada yang belum ada portablenya.,5,0,,2023-02-13 13:26:17,,,
f0ad8a10-ba92-48a4-a9ba-7ec3f3f2e8bb,Pengguna Google,https://play-lh.googleusercontent.com/a/ACg8ocJN1_Srmn9WIKLLuocJwAGOMtjIrmqqP6mZZHxB2nP72lGhHA=mo,"Jalur 1A,2A tdk terdeteksi GPS,tdk muncul di map",3,0,2.1.3,2023-02-01 00:31:12,,,2.1.3
61ccc94a-0c2f-458e-8419-238325af82b3,Pengguna Google,https://play-lh.googleusercontent.com/a-/ALV-UjV88udrYHDtX59OQDar-NZAOBdGPc7pmkNuGpohfO5nKtUtO2c,Untuk update berikutnya ditambah fitur check saldo+top up kartu berlangganan reguler dan pelajar tanpa harus ke halte bagi yang ponselnya memiliki fitur NFC,5,0,,2023-01-24 12:30:03,,,
8dc6f9df-7647-4acf-b332-570e8b82700d,Pengguna Google,https://play-lh.googleusercontent.com/a-/ALV-UjV-2UZivv759Wln9_r6z2Nw7vrldLMWVBxLM657gXnCvrxWSqkm,Versi sekarang lebih baik üëç,5,0,2.1.3,2023-01-24 09:30:43,,,2.1.3
2aea11be-5b10-45e3-9c71-c3b51a3e7056,Pengguna Google,https://play-lh.googleusercontent.com/a/ACg8ocIYxvjlDOf5o_pi099l3yCeLYiYiYU_pHPw9KL3cEvxPBak4g=mo,"Mohon petugas halte lebih akses terhadap difabel, terutama halte terminal condong catur,",5,0,,2023-01-17 01:17:35,,,
12caac93-c226-4e5c-9231-5f2a70af7e17,Pengguna Google,https://play-lh.googleusercontent.com/a-/ALV-UjXc9l6fRYIetIGpIG36cKq3lQeFJq_6ygzk7IZv9DdyFiePoODN,Jalur 5A gak ada d apk..huffft,4,0,2.1.3,2023-01-11 23:51:16,,,2.1.3
0ff6a65f-389d-4217-be61-c96e285e8772,Pengguna Google,https://play-lh.googleusercontent.com/a-/ALV-UjWQTaw3GjdQfrLR8A8ki6bovulvNc9oJrKv4_UQ2nKVE1acC_4,Susah d buka,5,0,,2022-12-26 00:14:47,"Hi kak, bisa Infoman detail kendalanya, Thanks",2022-04-22 06:38:39,
d31eedb4-16a3-4f43-a61b-da64059fd4b2,Pengguna Google,https://play-lh.googleusercontent.com/a-/ALV-UjWTfbaDUzwu9ucrkyak_DAKLujwZdT3HQoMmNKH5OMkQtonzeBa,Great app.,5,0,2.1.3,2022-12-20 02:53:51,,,2.1.3
eb5d121b-d88e-4009-a890-02c9f51f9dd4,Pengguna Google,https://play-lh.googleusercontent.com/a-/ALV-UjVy0qzCA-5O8VQbfOxoc3Ivz_ipiplAhoaMd4jlBrvKnQ2KCvJl,Apps sangat membantu dan bisa pesen tiket secara online,5,0,2.1.3,2022-12-19 08:52:01,,,2.1.3
2e2a93fe-f5d4-42b9-ad79-52b3afc75360,Pengguna Google,https://play-lh.googleusercontent.com/a-/ALV-UjVwbZquGvj8SKHxcYy63ZUqy0bK6-VPYZ8sDg2kgwfdTTKHry2y,"Semoga armada diperbanyak, rute feeder diadakan, saya akan terus mensupprt transportasi umum di jogja",5,0,2.1.3,2022-12-17 18:09:05,,,2.1.3
fff2d3aa-25d2-4df1-87b1-43a4617a495b,Pengguna Google,https://play-lh.googleusercontent.com/a-/ALV-UjXTyQkR0TjBa8ujH-QbT1YXoOLhBVxj0GfNl8GkaA-wKa7D8ojF,"Error dengan bentuk bis yang tidak berjalan di suatu rute tertentu, sudah terjadi beberapa kali",1,5,2.1.3,2022-12-14 05:46:14,,,2.1.3
e79c7ad4-b00a-4e31-9ead-177a52f8b785,Pengguna Google,https://play-lh.googleusercontent.com/a-/ALV-UjXCOPWx5j8UH11evU8X7ZQ9fDy1B975sf7I9TZnTlT8e0pICgo,"kenapa bis nya terlalu lama datang? saya sering menunggu sampai 30 menit lebih, dari lawan arah sudah ada yg datang sampai 3 tapi ke arah yg sebaliknya tidak ada yg datang. Tolong ditingkatkan lagi untuk bis nya",3,1,,2022-12-11 08:05:39,,,
88dbdd4a-5f37-4452-b213-8f18fb3bf2b3,Pengguna Google,https://play-lh.googleusercontent.com/a/ACg8ocKV1yA8A7HcqEEYZccbmFwKWrq9aZktz9BLvKnKmOcLxs3w2gU=mo,Bingung cara pake aplnya... Kedatangan busnya gak akurat sama yang di aplikasi trus gak ditulis juga jam beroprasi nya sampai jam brpa.. Masih banyak kekurangan disini.. Mohon diperbaiki lagi karena saya sudah lama pakai bis ini ..thanks,5,2,1.0.7,2022-12-09 06:54:00,,,1.0.7
84a8cbe8-5468-4b47-9337-7e8201ca85c1,Pengguna Google,https://play-lh.googleusercontent.com/a-/ALV-UjUQCHZWNsR4QkWV2TLqZfnYk6gUy6QkAGxfgRuIQ6wuYL3iUbRN,"Enak versi lama ;( kmrn naik TJ niat mau turun di PDAM Gemawang dari arah selatan , liat di aplikasi nya oke ada halte nya buat turun di PDAM dr arah selatan, EH PADA KENYATAANNYA TERNYATA HALTE SEBELAH KIRI TUH GAADA ( dr arah selatan) ada nya cuma sebelah kanan aja . PADAHAL DI APLIKASI TJ NYA ADA üò≠üò≠üò≠üò≠üò≠KESELLL kadang suka eror pas d kos liat tj nya masih jauh jd nyantai eh pas udh sampe halte diliat lg ternyata bus nya dah lewat ü•≤",3,2,,2022-12-08 15:09:48,,,
13271244-c8be-4993-b267-7cd9fa753094,Pengguna Google,https://play-lh.googleusercontent.com/a/ACg8ocKd788dzQYnmE1jo9IDgLJcnojFQoF4v8koHvWVBy5sQNcUeDs=mo,Gk di-update,1,0,2.1.3,2022-12-05 23:48:16,,,2.1.3
e9e750f1-467b-4195-8421-601c9618388c,Pengguna Google,https://play-lh.googleusercontent.com/a-/ALV-UjUpyVPgKWA2dAS7S1KSi9-g1wBUAvPHH6JcQB1BJVw33cbKute0,"Harusnya ada fitur pengaturan profilnya, dan ditambah fitur fitur yang lainnya. Di udate lagi fiturnya, diperbaiki bug bug yang ada supaya bisa berjalan dengan baik, dan semua penggunanya juga menjadi tenang dan nyaman terima kasih.",3,1,2.1.3,2022-11-26 11:41:44,,,2.1.3
575c8efa-7689-498e-b68d-39d146dbb6c3,Pengguna Google,https://play-lh.googleusercontent.com/a-/ALV-UjWPNPIYEhdX924PlYOpVwDje85GKN9Bstl-YYIBF0tFrn4Uq0R8,Suka force close,1,0,2.1.2,2022-11-16 10:52:59,,,2.1.2
033b6279-bd77-4d19-940c-1990ee70018b,Pengguna Google,https://play-lh.googleusercontent.com/a-/ALV-UjVbYgckVHdEk3OG3kynk30khD-MbYP_xzBHmd0_fsLPbKMz4Zom,"Membantu, tapi harusnya sepanjang bus berjalan waktu tunggu juga ikut berkurang dong biar ga bingung. Pas jalan bus ya di aplikasi jg gaada pergerakan di gambar busnya. Jd bingung nunggu nya sama aja kya ga pake aplikasi",2,1,2.1.3,2022-11-14 22:44:29,,,2.1.3
aeb187ba-0fe2-42c7-b9ee-767a4e5f4998,Pengguna Google,https://play-lh.googleusercontent.com/a-/ALV-UjXzGeU8gybVOhusl69ilijp_N7lwjJj0byv0U_SG9-_yPm558CjKA,Kenapa 1A nya di gantii sama Teman Bus,1,0,2.1.3,2022-11-03 09:58:19,,,2.1.3
28e88cab-f1be-41cd-82f4-d59beabdef0f,Pengguna Google,https://play-lh.googleusercontent.com/a/ACg8ocIm7rw-tzetBP-PwjWitLV1Js8SWZOQu45za6c9GlWgiJS6ZQ=mo,Mohon untuk jl simanjuntak di kasih halte portable ya terima kasih,3,0,2.1.3,2022-10-28 08:16:03,,,2.1.3
f2857b20-7423-4fdf-ba8a-ea6005b0c8ab,Pengguna Google,https://play-lh.googleusercontent.com/a-/ALV-UjXUY4J_7UF7HtRzL0bo1ZKg4b1xP5pNDDJaS1GlA4mvyR05dYE,Sangat membantu untuk mengetahui posisi bus. Jadi kita ngga harus nunggu terlalu lama jika sudah tau posisi bus nya. Mantap,5,1,2.1.2,2022-10-28 05:27:07,,,2.1.2
9b2df25b-53bc-4086-bb03-2a7a1f80f591,Pengguna Google,https://play-lh.googleusercontent.com/a/ACg8ocKhoGSskfiNpX_MLNbrM-CACoQuytdR-OX20bpgTWQkEP0F1A=mo,Bagus,5,0,,2022-10-25 06:22:24,,,
58a8d184-dd3e-470e-9133-206cbd5fa580,Pengguna Google,https://play-lh.googleusercontent.com/a-/ALV-UjXYmzA1H0hJXTAXIeo1XMdZRguBNht4zPg_YOx8s4n9erJUqMlw,Benerin dulu dh semuanya,1,0,2.1.3,2022-10-22 04:52:12,,,2.1.3
ccaa2e54-717c-4c64-87c7-840edce1ca04,Pengguna Google,https://play-lh.googleusercontent.com/a/ACg8ocJNUJSt_4DDIsUKZsfMRyOrcUYHNE6A6x0a7YGTpyqQFcRFDA=mo,Error' terus,1,0,2.1.3,2022-10-21 07:21:46,,,2.1.3
e99c8129-7849-44d0-a296-af0b1c0470c6,Pengguna Google,https://play-lh.googleusercontent.com/a/ACg8ocJTm6E3_oZS10NtgnWQFXGMnX2uwFgJ22g1mKbCRxZBgi3YIA=mo,Sangat membantu Mungkin yg kasi bintang jelek itu hpnya blm canggih,5,1,2.1.3,2022-10-19 08:43:47,,,2.1.3
37482126-c0c6-4abc-be16-bd55e0e8b865,Pengguna Google,https://play-lh.googleusercontent.com/a-/ALV-UjVUWRIbcJ9Ar2CB7igfsNcbab7QeR_JiaIKrE1eMreoDKeVBG8,"aplikasi nya sangat membantu sekali, untuk tau posisi bus ny , tp jgn pke plat tp pke rute ny , 1A, 2A dll. untuk bus nya istrht nya terlalu lama bngtttt, Dan posisi bus sering ngeBug. kdg kurang yakin.",3,7,2.1.2,2022-10-11 07:43:31,,,2.1.2
6ec29a91-d083-4de5-8cc5-70df9f4d4667,Pengguna Google,https://play-lh.googleusercontent.com/a-/ALV-UjXGtgYVYipCv871Qfv4Nv34KBuQO2wcY-FwBS2Hvs3DZazCPvU,Buat pantau lokasi bis beberapa menit saja sudah nyedot kuota 4gb.. Dah kaya download game moba aja,1,1,2.1.2,2022-10-11 04:31:29,,,2.1.2
8b36d6cc-3147-4005-9d8d-34ed5c0753f9,Pengguna Google,https://play-lh.googleusercontent.com/a-/ALV-UjUC-sIJyz71NrQcdQ3AiPHbNd_8CBl3F2ynIHMAQcUpCBHYbRDO,"Supir Bus melaju dan tidak berhenti di titik poin, padahal saya sudah berdiri di titik poin. Kejadian tgl 4 Oktober 2022. Pkl 18.17 WIB, TJ 3A 03, AB 7730 AK. Titik poin depan Resor Sleman (Sektor Depok Timur)",1,2,2.1.0,2022-10-04 11:28:13,,,2.1.0
9648c421-c3d1-4e2d-9689-0da1c4378ca7,Pengguna Google,https://play-lh.googleusercontent.com/a/ACg8ocKxxEVJp8WPFsB7Kya99kro9Fjj7JCrnZR5_V2O7WbWQDyQBS0=mo,bagus,5,0,2.0.9,2022-09-19 02:02:35,,,2.0.9
eac745d9-e4bd-4f9e-9921-e6fb40dfbcc6,Pengguna Google,https://play-lh.googleusercontent.com/a-/ALV-UjX_ov5wYdKCrhttrg2aXBVKpybqyxuiESAaXCInOzUiQfrgF96D,Lancar jaya,5,0,,2022-09-17 07:25:26,,,
2d2b99e1-12ee-4e81-a1fc-d61ac00ea666,Pengguna Google,https://play-lh.googleusercontent.com/a/ACg8ocKmY87GUBvn_ErIDXAT8qGyS9RGHs8ZuDXRFQVwlVwPdgfuKw=mo,"Baru install lagsung ada erorr Api limit, tolong diperbaiki",1,1,2.0.9,2022-09-16 08:28:48,,,2.0.9
951af1f1-edf9-4dd6-ad58-dd2a64607ffa,Pengguna Google,https://play-lh.googleusercontent.com/a-/ALV-UjXwqvv93qPaljsqgLPK90jWEk-in3zs0BWBeWyQKmW-zjfH0Iaiog,"aplikasinya sangat membantu saya untuk mengetahui bus yang akan saya gunakan ke suatu tujuann, moskov op",1,0,2.0.9,2022-09-16 04:53:09,,,2.0.9
bf3f5379-f28d-4d38-8da3-72028d0c9d41,Pengguna Google,https://play-lh.googleusercontent.com/a-/ALV-UjXPOsaKWV4qlpV2ftt2uT0yA8Gap1f-wSS5bFmZJ76_xXTXSruH,Perlu dipoles lebih banyak biar joss... Terutama tentang informasi kedatangan bus nya. Overall sangat membantu,5,0,2.0.9,2022-09-13 11:27:06,,,2.0.9
09e7f4d2-edae-4492-a8b0-c96f2b4689e3,Pengguna Google,https://play-lh.googleusercontent.com/a-/ALV-UjXW8T0L6xY_VcvqoAj9Xj1B1TljrfUyVWDtUD2c8IUapAmm6DvR,Harus menunggu lama,3,0,2.0.9,2022-09-10 09:10:04,,,2.0.9
082fd155-c565-4300-beca-292e59b77c55,Pengguna Google,https://play-lh.googleusercontent.com/a-/ALV-UjV_TA3PBPlss6oOEY2XaXXMp29WSaMAVURMYkowgR0Aq1s91snG,Benar membantu u/ org luar Jogja. üôè,5,0,2.0.9,2022-08-16 17:31:24,,,2.0.9
fd897c2b-c4bb-49e9-96ee-373a58596f92,Pengguna Google,https://play-lh.googleusercontent.com/a-/ALV-UjUuL5qROA__M2hOwuLps4V3RKNeuztu9CbZ-QZYI22YgFr7y4iC,Aplikasi ini sangat membantu Rizal untuk pulang,5,0,2.0.9,2022-08-11 23:17:40,,,2.0.9
b610f4d0-05d4-4554-abb0-ef08d35233b2,Pengguna Google,https://play-lh.googleusercontent.com/a-/ALV-UjWXLTw9WqM-EzVMqWLTyMqgHVmoyNd4lwPLjyf-5sj-2r5Rmk0F,Memudahkan lari ngejar bis,5,0,2.0.8,2022-08-05 00:07:02,,,2.0.8
eade7764-b7b9-4c07-b5b6-1d91262d5b9b,Pengguna Google,https://play-lh.googleusercontent.com/a-/ALV-UjUmbpv5ZdkuprtNpGtixy_OxfIVr7wbPxIXP2S41gEKnBQjT9LZ4A,Tolong diperbaikiiii,2,0,2.0.8,2022-07-30 12:31:04,,,2.0.8
1113aeff-037d-48cd-bb72-c4abb7d7aed0,Pengguna Google,https://play-lh.googleusercontent.com/a-/ALV-UjVfOsBZzgnjYF1Ozd_HEX__8L7zsHxAp9LdegBcFGz6CrUcIZRG,"Tolong di perbaiki bugnya soalnya saya kesulitan melihat keberadaan trans Jogja, soalnya saya anak SMA , plis di perbaiki",1,3,2.0.8,2022-07-25 07:34:57,,,2.0.8
67ff6c37-4f27-45b5-be5a-bcf4573e33e6,Pengguna Google,https://play-lh.googleusercontent.com/a-/ALV-UjV1YTjVsRYr77WpeMEA4bbaMma9n0ZxdY0Vtc1_9UIZj69QfiY,Ada rute bis yang belum diupdate. Tapi berguna banget buat tau bis dah sampai mana..,5,0,2.0.8,2022-07-22 03:05:09,,,2.0.8
91fa8b5f-4c96-44a9-824f-3fd0b758c5d0,Pengguna Google,https://play-lh.googleusercontent.com/a-/ALV-UjVQcuNOgZvbDONNocO24a7A3JthgRiLtkHmxz7bWwMzqy5vRGq_,"Jalur bis 6A dan 6B yg armadanya sedikit, tp klo jalan selisih nya ga nyampe 15 menit. Anak sy jd sering ketinggalan bis, padahal dah berangkat pagi.",3,5,2.0.8,2022-07-19 07:55:38,,,2.0.8
667d199b-d0a0-429b-91c7-1e6dfe9f9dcf,Pengguna Google,https://play-lh.googleusercontent.com/a-/ALV-UjWakRl009XQQ0bQy3dLyu5IIuta0PWQU36W4O6rqAP9i7NdOmtDMQ,Perlu dibenahi navigasinya.,4,0,,2022-07-15 04:29:23,,,
b92bcf86-bb8a-41bc-8c56-4ec5e5fb4d75,Pengguna Google,https://play-lh.googleusercontent.com/a-/ALV-UjWLLUnRStnmwY2jnDLp6BoQ_ESI0MRg6aF2Gqf5gYvgOZR2hawZ,Petugas tiket bus tidak mau menerima tiket yg dibeli dengan app trans Jogja ini. Yg jelas jelas di app bilangnya tunjukkan kode QR mu kepada petugas tiket bus.,1,0,2.0.8,2022-07-14 03:36:38,,,2.0.8
5947e4bc-6758-4620-90c0-b4ba47bbba5b,Pengguna Google,https://play-lh.googleusercontent.com/a/ACg8ocJAQ-3bguo-cxXR4CnW-nytBR9TxJO7BEBzdgbtT_cO-u1siw=mo,Assalamualaikum Wr. Wb. Izin usul Pak.. Mohon tambahan rute yg langsung dari [ halte gamping - RS sardjito ] [Halte RS sadjito - Gamping] Banyak masyarakat membutuhkan rute tersebut.. makasih.. Wassalamu'alaikum Wr. Wb.,4,0,2.0.8,2022-07-13 03:16:19,,,2.0.8
9db6d783-13bd-4408-9a07-5438285bc3b4,Pengguna Google,https://play-lh.googleusercontent.com/a/ACg8ocIadAqDQwcPSjRdxrtLiteBCA0xDE44Q-V7Kz8HU2touA-XsL0=mo,Bug sudah diperbaiki ^^,5,1,2.0.8,2022-07-09 10:59:19,,,2.0.8
39aa1fac-c8c7-4f0f-852d-4b0307c3bc87,Pengguna Google,https://play-lh.googleusercontent.com/a-/ALV-UjUgTaY0YtGp5jq2lnAEflNFeyu2ySiCLaPepy6ZRn97oOPDlwpv,Mantab aplikasinya..maju teros pokoke,5,0,2.0.7,2022-07-08 04:13:02,,,2.0.7
967c0da9-320b-4663-b8ed-9ebc5ec75fd3,Pengguna Google,https://play-lh.googleusercontent.com/a-/ALV-UjXO73iA5g3h-1bScp02PBEb1amkXH2PzGIjXDQ3i_dC1jLvzgzZ,sangat membantu,5,0,,2022-06-30 11:24:11,,,
2d7bea2c-34bd-4373-976f-c2eecc45ac51,Pengguna Google,https://play-lh.googleusercontent.com/a-/ALV-UjXGd2eLpG1yzq-9HYd0KbgWz84L5ClTHJTLI9zSssa4jMY_RLXt,error tak diperhatikan,2,0,2.0.6,2022-06-14 05:38:24,,,2.0.6
ab2430bc-6f9e-49a9-bcc9-8684a2d852a7,Pengguna Google,https://play-lh.googleusercontent.com/a-/ALV-UjUiMzNpdjBtzcL3_S__4yT9xOOz-kry6cgfXS6WAZbOSeDNIN0,"Setelah eror bulan lalu, terus update. Malah makin eror aja appnya, maps belum sampe muncul cuma layar blank doang.",2,0,,2022-06-08 00:26:05,,,
15e02dba-e8e2-4b04-8517-81d0fcdb1675,Pengguna Google,https://play-lh.googleusercontent.com/a/ACg8ocI43OS9HLiDvNfkhLWc8desnALaksEhQUqLVgjuUh8_OUftNXKc=mo,Sering gak ada posisi busnya dimana,3,0,2.0.5,2022-06-06 04:22:33,,,2.0.5
e9c0fd65-6ea9-4779-93bb-5b68cb2719c9,Pengguna Google,https://play-lh.googleusercontent.com/a-/ALV-UjVrLUf91baB2rjgh3TymZkDdgROF8zKnqgcE35nNoh3cySJlL4,Aplikasi nya eror truss,1,0,2.0.5,2022-06-06 01:24:58,,,2.0.5
6edf5a46-f5d3-4479-ab86-08e60a833200,Pengguna Google,https://play-lh.googleusercontent.com/a-/ALV-UjWltt4kJKPKtyd2Fx47sTBzsV4KyO5-yhAJZDwwaA1qENnibPWI,Coba instal saat ini masih eror di beberapa rute,1,0,2.0.5,2022-06-05 02:21:41,,,2.0.5
0fa5f8a7-813c-4d1c-a78a-a3a1a11ee6b7,Pengguna Google,https://play-lh.googleusercontent.com/a/ACg8ocKJ4axyWexFEqSWx5EcBA3XtQZ2ujTphT61CoBUlMZpfIDf7g=mo,Eror kalau mau buka rute ke lokasi tujuan,3,1,,2022-05-29 12:26:16,,,
be9a02da-9d49-4723-a3d5-2b60b0d336df,Pengguna Google,https://play-lh.googleusercontent.com/a-/ALV-UjVUXrRbjUlIAO55l7aAbgyaChWd1Ohf6efT1WLt84gJRpaiN_lI,"Sering banget eror apalagi disaat lagi dibutuhkan untuk melihat posisi bis yang akan lewat. Versinya dan tampilannya diupgrade baru tapi kualitasnya malah jauh lebih buruk dari yang sebelumnya. Gak suka banget, pengen uninstall tapi dibutuhkan.",2,25,2.0.2,2022-05-20 10:10:09,,,2.0.2
3c4754cc-724f-4181-adc0-72d8e268c546,Pengguna Google,https://play-lh.googleusercontent.com/a-/ALV-UjUVh_AglhlBCHZztT7NuRUOhrGgtAan3lCce6_SNkc0RPRyU9Vw,"Mohon segera diperbaiki, aplikasi error dr kemarin",1,2,2.0.2,2022-05-20 09:00:56,,,2.0.2
2e5c64d2-ac87-4ea8-8f0e-5c600454325d,Pengguna Google,https://play-lh.googleusercontent.com/a/ACg8ocKKEGYilpro5lNKGhUNHvfAjpyt0bwFWXqPbyN5JHtVw9u1sQWd=mo,"Bisnya ngebug ga jalan, jadi kurang yakin bus sudah sampai mana. Terus ga bisa zoom in zoom out leluasa (kadang bisa kadang ga bisa) enak versi lama, bisa zoom in zoom out lancar sama bus berubah sesuai lokasi.",3,17,2.0.2,2022-05-20 08:37:45,,,2.0.2
375587af-e5f0-4bd0-9e8d-e758c1634516,Pengguna Google,https://play-lh.googleusercontent.com/a/ACg8ocJ1cuM6Fsdbt9RHmq0m1VXAL4xSq7h-hNYrigDiL7EK39-0Tw=mo,Kenapa sering eror... Dari kmaren eror trus.. Dimaps busnya.gk jalan,3,0,2.0.2,2022-05-20 06:37:40,,,2.0.2
fa1583a6-558e-436c-bc57-9cfaa29caa78,Pengguna Google,https://play-lh.googleusercontent.com/a-/ALV-UjXGQx0yv-KLm2tumadOGE5E1sSBiQY64AAfMrd8-MPHeUchmN619Q,"Ngga akurat, posisi busnya ngga sesuai. Enakan versi sebelumnya",2,5,2.0.2,2022-05-20 03:46:55,,,2.0.2
a60323b1-9bb9-4f85-8af0-c0cb6e08995b,Pengguna Google,https://play-lh.googleusercontent.com/a-/ALV-UjXm-T6VyQ_I50I3ZWl-cKuAVRGOmipCtzytGZKiWT3IoTXl9zo,"Gak worth it, gak akurat bus nya dimana titiknya dimana, sampainya juga gak akutat Tolong lebih di perbaiki dong",1,2,2.0.2,2022-05-20 00:47:50,,,2.0.2
2064c5e8-6975-4fe1-b692-7a6bd7ceba9e,Pengguna Google,https://play-lh.googleusercontent.com/a-/ALV-UjVssjyWbvhV_uCs0eU-aVOtkG1T3pM4AXT4IBgkEitCokumtYI,"nice, jadi ga ketinggalan bus karna bisa lacak busnya, ada rute, dan sekarang udah bisa beli tiket online üëçüëç",5,0,,2022-05-16 14:50:46,,,
c1659905-6b56-4455-b0ae-d71fe4657ae9,Pengguna Google,https://play-lh.googleusercontent.com/a-/ALV-UjWgeL-lXu24uBMkX096UfnzoHKQmt-tbUFVNhb84lkt8FzqaABR,"Pas diupdate ui nya masih kurang enak, karena susah untuk zoom in zoom out mapsnya, terus gak ada fitur untuk ngeliat posisi sekarang Masih lebih enak versi sebelumnya pas belum diupdate",3,1,1.0.7,2022-05-13 02:40:44,,,1.0.7
1168aed3-ea2d-46f8-9096-bffc5ad983d2,Pengguna Google,https://play-lh.googleusercontent.com/a-/ALV-UjX-Mw60v2_Ijs1neQ6YYPwVdQwIQNGFAEg9kKDAiqXSMv7b5V4,"Aplikasi yang sangat membantu, saya bisa mengetahui posisi bis saya ada dimana",5,0,2.0.2,2022-05-13 00:40:55,,,2.0.2
4ec77c6e-3990-4e94-9a61-d6b4e92f338b,Pengguna Google,https://play-lh.googleusercontent.com/a-/ALV-UjU0jPkLYZlYZnXXYyGZTRMY1OQIwmn_sejr3AALurv7JWdg1nJ3,Di Tj saya ketemu pacar ‚ù§Ô∏èüòÉmakasi,5,2,2.0.2,2022-05-10 10:24:23,,,2.0.2
8715a2b9-04e5-40d4-83d5-d45562733562,Pengguna Google,https://play-lh.googleusercontent.com/a-/ALV-UjWnOfyVrFJhe3PdL8-yD-6ZXgFHEMQItrKcvqNBJRpY57Qh7YHz,Sangat memudahkan sekali asal tau cara pakainya,5,0,2.0.0,2022-05-06 06:33:20,,,2.0.0
b373102b-e58e-4c4d-b004-ca43328a4c7e,Pengguna Google,https://play-lh.googleusercontent.com/a-/ALV-UjUO1wJwPLTvbg3j4LytL9oMxGXm1cuPL4Pbo0EQCxM7Bfwf4pI,"Pak, lebih enak liat ini bis 1b, 2a, 3b, daripada ngliat plat bisnya. sebagai penumpang, saya jd gak tau bis terdekat itu bis apa.",4,9,2.0.0,2022-04-18 10:30:31,"Hi kak Fiore, terimakasih atas masukkannya. Tunggu update dari kami yah :)",2022-04-22 06:37:57,2.0.0
94753488-ad5b-421a-8d8f-a0a4e883c9cd,Pengguna Google,https://play-lh.googleusercontent.com/a-/ALV-UjXF-Uu_NB-S7HAw_4y5G1hIEgBBFYW64OX8cD2653VTGcZUK_0,Terimakasih broo,5,0,2.0.0,2022-04-15 08:31:06,,,2.0.0
0940e8d9-2fe5-43c2-b37c-e3bb59036322,Pengguna Google,https://play-lh.googleusercontent.com/a-/ALV-UjWQEbDL1w4uT5ZyYOgHRnxN7BhQusE00H0n8BYRttaKH34JlxgG,"Keterangan utk ""Tidak ada rute"" bikin bingung, atau tidak ada opsi rute lainnya",2,1,,2022-03-18 09:37:44,,,
25085e67-c3be-4b60-9271-a2d74a3c118a,Pengguna Google,https://play-lh.googleusercontent.com/a-/ALV-UjX8Jnv1D2YfNTDnWjRz-KWyaYNZ-YqDYaRo-3JqaO_OAK3TLnkQ,Mudah digunakan dan real time,5,3,1.0.8,2022-03-12 02:35:54,,,1.0.8
04739660-d504-4541-b16d-484c159cf284,Pengguna Google,https://play-lh.googleusercontent.com/a/ACg8ocK_KI4T0rsylVKEYeOLAiLKjbN_DwtK9izg08zrvtRK0hz98wMM=mo,Tidak ada informasi apapun yg bisa dimanfaatkan dari app ini,1,1,,2022-03-08 01:38:25,,,
063bbe22-a4df-4127-af44-9f27f77b8b91,Pengguna Google,https://play-lh.googleusercontent.com/a/ACg8ocIgAJgoBjg9tNHjwjEClbego7HEBNTxv7ipgHqQw1pwHSYT5Q=mo,Tepat wkt,5,1,1.0.8,2022-03-02 04:37:49,,,1.0.8
dd18ab6b-474c-4f50-b42c-b40860bcd152,Pengguna Google,https://play-lh.googleusercontent.com/a-/ALV-UjUb1yganfI4sozaukM2FSjMl068baPlgiLCB7YiplvC9V9wP_nS,"Aplikasi pemerintah emg selalu gini, masa kalah sama aplikasi perusahaan swasta. Budgetnya di kemanain !? hadehhhhh",2,11,1.0.8,2022-02-28 12:16:31,,,1.0.8
0203263e-4efc-4a7d-91d2-643315528568,Pengguna Google,https://play-lh.googleusercontent.com/a/ACg8ocLd2k-BcD7lJwQqdv3z8ISvuIt2JqZDfRLsMI6xTFsAGXWgqg=mo,Bersih dan sangat nyaman untuk digunakan,5,3,1.0.8,2022-02-26 08:26:25,,,1.0.8
f1a1b86e-3f0e-4b70-a69b-029582d88651,Pengguna Google,https://play-lh.googleusercontent.com/a-/ALV-UjU2WWxT-a2PEBo3UbnZeru4gmcJnDvs66XKEz-DTZ_l2n4APq5l,"Kurang responsif layaknya google map, butuh sedikit lagi perbaikan. Aplikasi ini memiliki potensi yang bagus sebenarnya hanya ada beberapa hal yang sudah bisa dilakukan oleh google map yang tidak bisa dilakukan aplikasi ini.",2,5,1.0.7,2022-02-21 06:22:21,,,1.0.7
8fd8c995-f284-4517-9768-81471355657c,Pengguna Google,https://play-lh.googleusercontent.com/a/ACg8ocJtMUqm1lqqjc3G0R71pQ54vs0hZ__zWkA_3ssyjsWwinMm=mo,Setelah diperbaiki malah semakin parah. Sekarang tidak bisa untuk memantau pergerakan bus.,2,1,1.0.7,2022-02-19 05:20:27,,,1.0.7
a6289923-7349-4304-b03f-36c8f379f2dc,Pengguna Google,https://play-lh.googleusercontent.com/a/ACg8ocI8U8DspoyvGCERx1h4LwEPXElD_oKNHafgzxaoMxfiOQ7LIA=mo,Sampe kapan ini app nya le errorr???,1,1,1.0.7,2022-02-17 01:50:24,,,1.0.7
08faee83-c58a-4a0b-91fb-d71dc429fb71,Pengguna Google,https://play-lh.googleusercontent.com/a-/ALV-UjV79HuUmqM5e4qhI7erwz6n3GdZ81OJonu5qdrT5aYIZnmRWAxr,Thank u,5,1,1.0.7,2022-02-16 04:16:28,,,1.0.7
48e8583e-a288-46c9-bcdd-f123e5b9d45e,Pengguna Google,https://play-lh.googleusercontent.com/a-/ALV-UjUvgnkaKt12nk9x9bjXMoHnB6Y1OhILoaRQ6jI63KS8Tn8Vv26w,"Udah seminggu gak bs di pakai liat jadwal,perbaiki dong min",2,1,1.0.7,2022-02-16 01:50:04,,,1.0.7
68628163-4b61-4021-9d69-89775f293ac8,Pengguna Google,https://play-lh.googleusercontent.com/a-/ALV-UjXJtTThyocPP3aoayUZfYZ9GlOHypuVPW5QnN3ttJFYHxHO_g,"Aplikasinya eror mulu buset dah, gak bisa lihat bis terdekat keterangannya tidak dapat terhubung keserver padahal butuh banget aplikasi ini Tolong di perbaiki ya",2,1,1.0.7,2022-02-16 00:49:18,,,1.0.7
38af0d8b-c5c4-419c-8276-695682d054ea,Pengguna Google,https://play-lh.googleusercontent.com/a-/ALV-UjVTVhjK_ABiW6jsmQy0VlCEf466H9XWH4-7CsXj_YWiNHoSDQz2bQ,Ada masalah tidak terhubung dengan server,4,1,1.0.7,2022-02-15 11:05:18,,,1.0.7
36932c80-5056-40fd-ae5f-0b6579010da1,Pengguna Google,https://play-lh.googleusercontent.com/a-/ALV-UjVcQjnOkeSYvUMyNkua__LTdy_dq2Qg94b12IhfmFeg--33WHIDiQ,"Beberapa hari tidak bisa terhubung ke server, mohon segera diperbaiki",3,1,1.0.7,2022-02-15 00:55:14,,,1.0.7
43137fd0-9bd6-47dc-8e08-5e838c548486,Pengguna Google,https://play-lh.googleusercontent.com/a/ACg8ocKy1IQ06uhbBEug2YSL06wf7Tkp9KwJ-aU-EHrAqdKSXnxAdg=mo,Kenapa aplikasi ini tidak mau nnymbung ke server? Padhal sudah update,1,1,1.0.7,2022-02-14 04:59:31,,,1.0.7
a24d4b1b-ba03-42e7-82c7-518d92014b96,Pengguna Google,https://play-lh.googleusercontent.com/a/ACg8ocJvv-23toXHnGmr8FELFMgPNPj7qpyzf--ninooRCpODy9a7A=mo,Tidak bisa terhubung se server,1,0,,2022-02-13 23:37:48,,,
6c50d6d2-654f-49c2-b820-25477db27115,Pengguna Google,https://play-lh.googleusercontent.com/a-/ALV-UjUDCxpPQViA-W-Ps0WXXiHzADvMCwzNL2CRGaU55cJSN6EYf0k,"Knapa akhir2 ini erorr, tidak bisa melihat bis nya smp mna.. üò¨ü§îmhon diperbaiki lagi trmksh",4,1,1.0.7,2022-02-13 07:55:08,,,1.0.7
93a97b70-52b8-4939-a348-ade3e8940b33,Pengguna Google,https://play-lh.googleusercontent.com/a-/ALV-UjU0wqsLh824qNP--uXIUHPsWfLUXbK90Plyz73SfQ7s1QxcCYkJ,"Dulu bisa lancar dan bagus aplikasinya, tapi... Dari kemarin aplikasi ini di perangkat saya tidak bisa dipakai, ada info tidak terhubung dengan server, itu bagaimana yaaa???",2,3,1.0.7,2022-02-13 02:05:32,,,1.0.7
5f0dce9e-1b7f-4050-b79c-a9eaa980c7d7,Pengguna Google,https://play-lh.googleusercontent.com/a-/ALV-UjXuOLUYk-6mLRjA5TnWK7mRqaLaKAkf9pQ8v4pcyJkInky4I5qy,Kok udh 2 hari ga bs dipake sich? Parah niih...,2,1,1.0.7,2022-02-12 08:52:57,,,1.0.7
7fe72d6d-6ae4-4fcb-96fc-2f230aeee01b,Pengguna Google,https://play-lh.googleusercontent.com/a/ACg8ocL3596q8PwnwPYRfANsXxYytiGIbJLyECggXU_HtnflCksbCqo=mo,"Aplikasi kebanyakan erornya ketimbang membantunya. Bolak balik cek koneksi internet. Tulisannya kalo ga periksa sambungan internet null, ya periksa sambungan internet 500. Nal nul nal nul mbahmu. Pake wifi ga bs, pake paket data juga gak bisa. Percuma wess, tanya petugas halte aja sudah.",1,11,1.0.7,2022-02-12 07:29:31,,,1.0.7
bed60526-54a6-4922-8af0-9c7617922ad8,Pengguna Google,https://play-lh.googleusercontent.com/a-/ALV-UjWu2EOrp_Yg5G0sLsb4oM3Mo9zez0L9gM67ZKVGRU5_eJHYFWykDg,Semenjak pertama kali donlot mah lancar tp sekarang mulai lemot banget padahal kuota masih banyak,4,1,1.0.7,2022-02-12 04:27:15,,,1.0.7
9ed35eba-eb0f-4a6d-8ed5-267dc3728d57,Pengguna Google,https://play-lh.googleusercontent.com/a/ACg8ocKFet0zYhOtLTQ_JQrXZZJpfp3lk7iV44mzoIPQUPRVMF6MAQ=mo,Bisa liat bis tran posisi dimana,5,0,,2022-01-31 02:46:44,,,
a38d5805-5084-4b06-97fc-081341caf108,Pengguna Google,https://play-lh.googleusercontent.com/a/ACg8ocLMiVcKk-cPuU8LHAaKo4Wnjw3250J_JVRmUMFcT0WaHCz_iQ=mo,"Sayangnya aplikasi ini tidak banyak membantu apa yang saya inginkan, karena untuk mencapai tujuan tak ada info dilanjutkan dengan bis rute yang mana,kalau harus ganti bis di halte mana.",1,3,,2022-01-26 16:19:53,,,
4dc23a21-9693-44f4-906e-699cafc70bd9,Pengguna Google,https://play-lh.googleusercontent.com/a-/ALV-UjXSSkoFvSfxBWQ0oM0ztZ0BzCPnlR7qhcTex1JstCASfvjS5i0,Sayangnya deteksi lokasi atau posisi si pemilik akun sering salah,3,0,,2022-01-21 00:41:04,,,
313ce763-744e-4fa5-aee6-186bd80b6ca6,Pengguna Google,https://play-lh.googleusercontent.com/a-/ALV-UjVeCUtG7Lre1bpSVxrHEiX-7H3njC8qw6VLTgtNAecwUBnN6Zw,"Ulasan : 1. Rute koridor 1 ( Godean ) & 2 ( Ngaglik ) serta 3 ( Ngemplak ) mohon ditambahkan di aplikasi ini. 2. Bisa ditambahkan estimasi waktu kedatangan antar bus ? Sementara itu dulu ulasannya, tengkyuuu..",4,3,1.0.7,2022-01-12 13:44:09,,,1.0.7
901c204b-726d-473f-95d6-b24b9dd72737,Pengguna Google,https://play-lh.googleusercontent.com/a-/ALV-UjUMmM9cx18ddinEKFNJPSLZfUqpapUvQKHlveS8zsgai1_MhXtH,"tadi saya naik 3A dari Ahmad Dahlan tujuan di bandara, tapi kenapa saya di turunkan di pasar Ngabean?? terus kata petugas yang jaga di halte Ngabean, sebenarnya tadi masih bisa beroperasi untuk tujuan bandara akhirnya saya di oper"" bus lagi dan ternyata bus nya tidak sampai ke bandara, katanya tujuan terakhir di SGM dan ujung"" nya saya naik GOJEK saya di sini merasa di rugikan!!! tolong ya untuk crew bus nya di kasih arahan lagi untuk kedepan nya yang lebih baik",1,8,1.0.7,2022-01-02 12:22:40,,,1.0.7
393af738-2d27-4de5-8594-1908386a7d4a,Pengguna Google,https://play-lh.googleusercontent.com/a/ACg8ocJAmhoQrPDTGoXJdUdCe650esifuhWzebbN50WXuGDWSo_GRQ=mo,"keren, informatif, solutif",5,0,1.0.7,2021-12-29 23:11:43,,,1.0.7
1d01955a-0a57-402a-ace5-366c849870bc,Pengguna Google,https://play-lh.googleusercontent.com/a-/ALV-UjUfr3LanvcGR-MmsKMzU_4uOO9fUfioFYuoE5wevSAFT0KKd4A,"isinya cm rute aja cari di google/tanya penjaga bisa saran: 1.Misal nulis tujuan di bagian map kemudian di arahkan naik apa gitu(Sekarang ini disediakan map tp gk da gunanya buat apa coba, mau nyaingin google map?üòÇ,contoh tu gojek) 2.Kasih keterangan misal 1A datang sekitar 15 menit sekali 3.Klw bisa setiap bus ada signal nya, jadi tau posisi bus yg sdg ditunggu Sdh sampe mana, wkwk (klw ini bisa sumpah keren bgt,Aku kasih jempol 5) 4.Ada fitur info misal peralihan jalur/promo dll",3,16,1.0.7,2021-12-03 10:07:33,,,1.0.7
1ba29706-d97a-4a72-b5c4-59211ecbc6b5,Pengguna Google,https://play-lh.googleusercontent.com/a/ACg8ocIvUbVnqQhGbE9EDvcau9LSG7ggHufTj5Z8KRMj3DRByPYv=mo,Lebih disempurnakan...,4,0,1.0.7,2021-11-30 02:23:19,,,1.0.7
2209e8e9-b017-4684-951a-6494d569cef0,Pengguna Google,https://play-lh.googleusercontent.com/a-/ALV-UjWNASwtr0BJxO2BC5F2QVjjNQIZzZU74cMNKYPzh5bUm8XLTJyU,"Baru tau kalo aplikasi ini ada, dan membantu sekaleeeee. Kemana aja gw selama ini, gak hapal sama jalur jadi tanya2 terus sama keneknya",5,6,1.0.7,2021-11-14 02:06:59,,,1.0.7
28d7b451-88f1-4563-8408-a0c437c663ee,Pengguna Google,https://play-lh.googleusercontent.com/a-/ALV-UjU-Z3jw8J2hAGIM_ppb4KaCiTbhmN46lgoqZCgGTZxwf4nHhtc,Rute bus dari pakem belum ada kah?,4,6,1.0.7,2021-10-07 16:41:37,,,1.0.7
7ef3fa22-9b55-4988-b23c-d8eb29856c6f,Pengguna Google,https://play-lh.googleusercontent.com/a-/ALV-UjWOTeMLy68G6MaitIHyo1_PgHppJXBZ70oEksOK_YMNvVrFAh79,"Untuk Transit ke Daerah Babarsari atau Kledokan bener¬≤ membingungkan.. Jalur 1B kota jadwal kedatangan diaplikasi 9 menit teruus.. mending digreyout aja min, estimasinya yang udah gerak aja",3,0,,2021-10-05 03:11:20,,,
ebac5058-ba50-44f4-a023-ee33b0b81ee6,Pengguna Google,https://play-lh.googleusercontent.com/a/ACg8ocL53kFJ6IbKhKazGXU8Znl_rFJlGDTo9numqSXG7oEsTW4nEA=mo,Membantu bagi yang belum tau jogja,5,1,1.0.6,2021-08-23 04:41:21,,,1.0.6
54fb23b6-5874-42fe-a13b-2f393245cdec,Pengguna Google,https://play-lh.googleusercontent.com/a/ACg8ocJG4G2o8o4KYafRMTykD1K1IwiRxb-JspFlpJ89EULSC-n0Pw=mo,Makin lama makin parah trans jogja...busnya dikit jarakny lama..capek di jalan..mending diganti aj...,1,2,1.0.6,2021-06-18 07:04:52,,,1.0.6
4205f93e-47f3-4bb8-bfe4-de3ded82a421,Pengguna Google,https://play-lh.googleusercontent.com/a-/ALV-UjUW-XHlNjQ12fggUVw87Vk92koibh8zjTlcz9ttwe2iRCCFFAEb,Lumayan sih... Cuma sy boleh saran gak? Gambar bis di peta jangan dicepetin susah liatnya busnya udh dimana gitu... Sekian saran dari saya Terima kasih...,5,5,1.0.6,2021-06-17 09:00:56,,,1.0.6
8ea52b43-73b4-4efe-8724-21f794053baa,Pengguna Google,https://play-lh.googleusercontent.com/a-/ALV-UjVoHROWZFx8XNcUK0OXvBjTCiv0K3d7QWkYH6szhuPVfLOXLXkc,Kalo bisa tambahin jadwal jam keberangkatan dong. Tapi sejauh ini sudah sangat membantu sih.,4,3,1.0.6,2021-04-08 03:06:32,,,1.0.6
2d00a5b7-fcf6-430f-af93-b676ec944e58,Pengguna Google,https://play-lh.googleusercontent.com/a/ACg8ocL70RA71RgH-tbXishMRwT8IcvSROQelyTT8Tqejc8M7Ay_-w=mo,Sangat membantu sekali untuk mobilitas selama dijogja Top markotop,5,0,,2021-02-18 13:51:42,,,
393114e8-904c-4523-b1a7-f6bd6f2413e4,Pengguna Google,https://play-lh.googleusercontent.com/a/ACg8ocJCM2g4Z_rmLl3SQm3FiOOS8zrTcC46b6tdpS_fZn5VO7I-c1g=mo,"masih banyak yg perlu di benahi... masih ada JURUSAN2 yg belum tercatat di aplikasi dan SPOT2 HALTE yg belum tercatat di jurusan tersebut,,contohnya jurusan gamping-ngabean via lapangan kasihan.dan juga ktka kita mensearch destinasi di kolom pencarian,aplikasi tidak bekerja menunjukkan panduan halte2 terdekat dan cenderung ngawur.justru aplikasi moovit malah yg menunjukkan kita..dan juga jurusan PAKEM juga belum tercatat.dan TJ ini lucu sih,kdg sampe lewat jalan2 kampung tp nggk ada halte",2,8,1.0.5,2021-01-15 01:20:35,,,1.0.5
96b64256-1256-460f-85af-590231e8a5e9,Pengguna Google,https://play-lh.googleusercontent.com/a-/ALV-UjWPhQDsELNCR5nFEj6QqJxSufU0Hc1Q1QolOe5VKN-ZaL5XqyMw,Sangat membantu biar bisa pas jalan ke halte. Semoga semua bisa segera normal jadi operasional transjogja juga normal lagi sampai malam,5,5,1.0.5,2020-12-19 05:10:21,,,1.0.5
f822a65d-7519-457d-b82a-b1a333a349c7,Pengguna Google,https://play-lh.googleusercontent.com/a-/ALV-UjUcmh80lAwuA3HsczqZIm9zWxfVLmUjScVAQp6SWOZzoPOjgpHc,Sangat tepat dan efektif sekali,5,1,1.0.5,2020-12-13 13:29:40,,,1.0.5
121f37ad-a5bc-48a5-9a67-ae4d37a6cd6d,Pengguna Google,https://play-lh.googleusercontent.com/a-/ALV-UjU4W0dQqJKbI1xci5qtpEc-e6CdbRvDz3YNjsGLOiWJ2FQKRQ,"Mohon sertakan jam operasinya juga min, dari jam berapa sampai jam berapa. Biar orang pemula seperti saya tidak kebingungan. Takutnya pas ke halte, tau2 halte tutup. Terima kasih.. üôè",5,2,1.0.3,2020-11-16 08:52:53,"Terima kasih kak masukannya , segera kami tambahkan fitur ini. da~",2020-11-24 07:48:44,1.0.3
47d90113-2c26-40cf-bc31-6fff59708b3f,Pengguna Google,https://play-lh.googleusercontent.com/a-/ALV-UjU745HBK5iluiPnq19hGvEN4bpVZTWkYjQMiiALS4jGRhpHWUZc,"Cukup to the point infonya, mau kemana? Fitur tersebut juga sangat membantu saya. Jadi pengen ke Jogja lagiiiiiiiii",5,3,1.0.3,2020-11-15 13:29:00,,,1.0.3
1ed287e6-1f8b-49f9-9a78-fa6325f6c15d,Pengguna Google,https://play-lh.googleusercontent.com/a/ACg8ocIVrmlbGBw1YgbVKrVgr_TFv4xgXk8Jp9lpe_BOEiOEeAVJFw=mo,Baik dan membantu,5,2,1.0.3,2020-10-28 04:49:47,,,1.0.3
f3f433c5-cb82-42cf-8142-bffbfdbb86d4,Pengguna Google,https://play-lh.googleusercontent.com/a/ACg8ocIYWZ9KokdKGC7qPuyHskS_umQmEXMzAZhMBDDGgjtR0xjpFA=mo,"Rute baru yang ke pasar pakem kok gak ada ya ,,,,",5,0,,2020-10-28 04:40:27,"Terima kasih kak masukannya , untuk rute pasar pakem di kelola oleh teman bus kak.",2020-11-24 07:49:46,
66a5fae2-f8da-4b8f-b369-c0c7598931c9,Pengguna Google,https://play-lh.googleusercontent.com/a-/ALV-UjX3rjooDbkFdNquMmj_MJ1tuooG1TXfl9s4SYZrf4gCdr37RvDdQQ,Cara pakenya gmna si?,4,1,1.0.3,2020-10-24 08:05:33,,,1.0.3
87e2d50b-7fab-4b8d-9091-b308f520852e,Pengguna Google,https://play-lh.googleusercontent.com/a/ACg8ocIv9yQ4w_MrQfyBafn_fjK8siudxWBS7srhKOxKCA364zqeYQ=mo,Mantap. Sangat membantu sekali.,5,1,1.0.3,2020-10-07 07:44:53,,,1.0.3
e6bb4c06-2502-4776-85f3-7ebbfe3807e2,Pengguna Google,https://play-lh.googleusercontent.com/a/ACg8ocKgM2tm1JngGh1uha_ONyk0N4Y_asa-fRxNO7e4sDYo0ia1ya4=mo,Bagus,5,0,1.0.2,2020-08-13 23:45:16,,,1.0.2
56264d67-6c14-426a-a8b8-6a5fe84e043d,Pengguna Google,https://play-lh.googleusercontent.com/a-/ALV-UjVxPyQy-1hJzgvTtebh_zngxUL25XX0OeuLKS67_H3lHiy32SHM,"Bagus sih, tapi tidak ada info pergantian bisnya jadi kode apa dan warna apa, sebaiknya warna rute disesuaikan dgn icon bus yg berjalan dan warns di ""Rute Bus"", jd terlihat ganti busnya",4,3,1.0.2,2020-07-19 15:20:52,,,1.0.2
49e3baae-b0d7-4816-911a-945b6d380d8d,Pengguna Google,https://play-lh.googleusercontent.com/a/ACg8ocJTIbgz_m8mU8vtdjN1zxGhs2BNPtUPqrYWq7QO_-u1_p_gjQ=mo,berguna membantu,5,0,1.0.2,2020-05-31 10:30:19,,,1.0.2
66f584c2-9ba7-46a0-b5df-46f821e4b03f,Pengguna Google,https://play-lh.googleusercontent.com/EGemoI2NTXmTsBVtJqk8jxF9rh8ApRWfsIMQSt2uE4OcpQqbFu7f7NbTK05lx80nuSijCz7sc3a277R67g,"Tolong dibenahi lagi untuk rute 8. Yang dari utara/Jl. Suryowijayan tidak belok kiri ke jalan MT Haryono, tapi lurus ke Jl Bantul.",4,1,1.0.2,2020-04-13 04:02:26,"Terima kasih atas masukan anda , Tim kami akan segera memperbaiki.",2020-06-25 05:43:32,1.0.2
07fbbada-8939-47a7-8390-15444db78c62,Pengguna Google,https://play-lh.googleusercontent.com/EGemoI2NTXmTsBVtJqk8jxF9rh8ApRWfsIMQSt2uE4OcpQqbFu7f7NbTK05lx80nuSijCz7sc3a277R67g,Bisa ekespasi waktu,5,0,1.0.2,2020-03-29 15:05:35,,,1.0.2
8dcfa412-765b-401d-ab64-5cb461483b8e,Pengguna Google,https://play-lh.googleusercontent.com/EGemoI2NTXmTsBVtJqk8jxF9rh8ApRWfsIMQSt2uE4OcpQqbFu7f7NbTK05lx80nuSijCz7sc3a277R67g,Ibuku bekerja di Trans jogja loh,5,0,,2020-03-29 10:36:20,,,
0227af60-c90a-484e-a9d9-90dd7076c3fc,Pengguna Google,https://play-lh.googleusercontent.com/EGemoI2NTXmTsBVtJqk8jxF9rh8ApRWfsIMQSt2uE4OcpQqbFu7f7NbTK05lx80nuSijCz7sc3a277R67g,"Sangat berguna, apalagi kalau bisa dilengkapi dengan fitur e-pay dari aplikasi.",5,0,1.0.2,2020-03-06 06:08:39,"Terima kasih atas masukan anda , Kami jadikan masukan untuk pengembangan ke managemen TJI.",2020-06-25 05:45:12,1.0.2
42ace7e8-b75b-4b8a-93b7-3bbfe4946cab,Pengguna Google,https://play-lh.googleusercontent.com/EGemoI2NTXmTsBVtJqk8jxF9rh8ApRWfsIMQSt2uE4OcpQqbFu7f7NbTK05lx80nuSijCz7sc3a277R67g,very good.Tp mohon di perbanyak portable atau terminalnya.msh merasa kesulitan,5,0,,2020-03-04 01:56:39,,,
711fa28b-77ac-4e1f-8f7e-d26295941850,Pengguna Google,https://play-lh.googleusercontent.com/EGemoI2NTXmTsBVtJqk8jxF9rh8ApRWfsIMQSt2uE4OcpQqbFu7f7NbTK05lx80nuSijCz7sc3a277R67g,"Alhamdulillah setelah di update,bis nya jalanüòÖjaya terus trans jogja..tp untuk jalur masih ada yg keliru juga..",5,0,,2020-03-02 23:45:11,bisa di informasikan untuk Rute ( Jalur ) mana saja yang masih ada kesalahan ( by email : punggawa@nginovasi.com ),2020-06-25 05:48:03,
53db5aad-923f-49d0-90c9-f8450428e74f,Pengguna Google,https://play-lh.googleusercontent.com/EGemoI2NTXmTsBVtJqk8jxF9rh8ApRWfsIMQSt2uE4OcpQqbFu7f7NbTK05lx80nuSijCz7sc3a277R67g,"Rute bus nya mohon agar menampilkan juga nomer bus nya. Misal, dari JEC mau ke Bethesda, naik bus nomer berapa.",3,0,1.0.2,2020-02-20 13:42:15,"terima kasih informasinya , kami akan menambahkan walkthrough pada aplikasi untuk petunjuk penggunaan aplikasi",2020-06-25 05:49:58,1.0.2
0872bd90-47b9-45d4-a629-958e0d13947d,Pengguna Google,https://play-lh.googleusercontent.com/EGemoI2NTXmTsBVtJqk8jxF9rh8ApRWfsIMQSt2uE4OcpQqbFu7f7NbTK05lx80nuSijCz7sc3a277R67g,"Dibenahi untuk bis tidak bergerak, kemudian delay antara bis bergerak dengan map, untuk secara umum sudah bagus . untuk jalur sebelas kurang tpb pasar telo . Terima kasih",5,1,1.0,2020-02-07 08:50:10,"terima kasih kak saran nya , silahkan update aplikasi nya dengan menggunakan versi terbaru",2020-06-25 05:52:15,1.0
5a292d51-79cf-4644-ba75-6101f026bfa8,Pengguna Google,https://play-lh.googleusercontent.com/EGemoI2NTXmTsBVtJqk8jxF9rh8ApRWfsIMQSt2uE4OcpQqbFu7f7NbTK05lx80nuSijCz7sc3a277R67g,"Saran aja, kalau bisa, warna tulisan untuk keterangan 'ini bus apa' diganti sesuai warna titik bus nya, tidak merah semua, biar kalau ada titik bus yang bertabrakan itu kita bisa tau salah klik atau tidak, misal titik bus jalur 9 tabrakan sama 8, nah pas mau klik no 9 pop up yg muncul warna hitam, terima kasih pak pengembang, semoga saran saya diterima dan dapat dipahami dg baik",5,17,1.0,2020-02-05 12:39:03,"terima kasih saran masukan nya , segera kami diskusikan dengan TJI .",2020-06-25 05:53:16,1.0
e780ee4f-5f9a-4200-adab-4465c89e914f,Pengguna Google,https://play-lh.googleusercontent.com/EGemoI2NTXmTsBVtJqk8jxF9rh8ApRWfsIMQSt2uE4OcpQqbFu7f7NbTK05lx80nuSijCz7sc3a277R67g,Sangat membantu untuk mengetahui kedatangan bus.,5,0,1.0,2020-02-04 16:11:09,,,1.0
27d478d3-67b9-4fa6-99ca-1f779a50d042,Pengguna Google,https://play-lh.googleusercontent.com/EGemoI2NTXmTsBVtJqk8jxF9rh8ApRWfsIMQSt2uE4OcpQqbFu7f7NbTK05lx80nuSijCz7sc3a277R67g,"Work banget sih, wajar laah kalo banyak kendala, masi baru jugak... Semangat dan kembangkan!",5,0,1.0,2020-01-31 11:23:42,terima kasih kak.,2020-06-25 05:54:10,1.0
2c7359e3-c29b-4f75-8b8f-fd4c69715d60,Pengguna Google,https://play-lh.googleusercontent.com/EGemoI2NTXmTsBVtJqk8jxF9rh8ApRWfsIMQSt2uE4OcpQqbFu7f7NbTK05lx80nuSijCz7sc3a277R67g,Inovasi pelayanan,5,0,,2020-01-30 12:38:28,,,
9fa31a1c-3c49-4bad-ad30-2203d9be5c02,Pengguna Google,https://play-lh.googleusercontent.com/EGemoI2NTXmTsBVtJqk8jxF9rh8ApRWfsIMQSt2uE4OcpQqbFu7f7NbTK05lx80nuSijCz7sc3a277R67g,Install >> lihat instruksi >> harus login ? >> Uninstall,5,1,,2020-01-30 08:57:06,,,
83d95da2-316a-4bc2-b113-42d27b3c0663,Pengguna Google,https://play-lh.googleusercontent.com/EGemoI2NTXmTsBVtJqk8jxF9rh8ApRWfsIMQSt2uE4OcpQqbFu7f7NbTK05lx80nuSijCz7sc3a277R67g,Update tji,4,1,1.0,2020-01-29 15:26:20,,,1.0
021c984c-cbee-4700-bbdf-452b2fe36918,Pengguna Google,https://play-lh.googleusercontent.com/EGemoI2NTXmTsBVtJqk8jxF9rh8ApRWfsIMQSt2uE4OcpQqbFu7f7NbTK05lx80nuSijCz7sc3a277R67g,4 bintang dulu yaa... Karena masih ada beberapa bis yg salah jalur. Disempurnakan ya min.l,4,1,1.0,2020-01-29 13:10:46,"siap kak , terima kasih atas masukan nya.",2020-06-25 05:54:35,1.0
